Workbook
Name Liste_COS: #REF!
Name OSUPADM_PES: #REF!
Name OSUPADM_SAP: #REF!
Name OSUPREAL_PES: #REF!
Name OSUPREAL_SAP: #REF!

Sheet CHARGEMENT
A1: Location du fichier primaire | B1: T:\Donnees\02_Courant\07_Outil_moyen_methode\03_Modele_de_base\09_Prototypes_2023\08_ModWS\08152\prototype_81-52\PC_7002071_UA08152_FINAL.pri
B2: Tests
B3: Solutionnés | C3: Chargés
A4: Location du dossier templates | B4: T:\Donnees\02_Courant\07_Outil_moyen_methode\03_Modele_de_base\09_Prototypes_2023\08_ModWS\validation\FMTExcel\Templates_a_solutionner | C4: T:\Donnees\02_Courant\07_Outil_moyen_methode\03_Modele_de_base\09_Prototypes_2023\08_ModWS\validation\FMTExcel\Templates_a_charger
A5: Nomde périodes | B5: 5 | C5: 5
A6: Retours | B6: {=_xll.MODELES(B1,B4,B5,TRUE)} -> Ovoltotrec_complexite | C6: {=_xll.MODELES(B1,C4,C5,FALSE)} -> Rotations
B7: Max_oVolTotRec
B8: Recolte_oVolTotRec
B9: EVOL_NAT
B10: Sce2_Recolte_oVolTotRec

Sheet non_traitement
A1: Fichier primaire | B1: D:\TEST_du_SSP\prototype_81-52\PC_7002071_UA08152_FINAL.pri
A2: Nom du scénario | B2: valid_maxcp_pas_ec | H2: 01_Sc0_Ev_Nat | J2: 02_Sc0_Rend_sout | L2: 2_Sc0_Rend_sout_yadm_pl | O2: valid_maxcp_pas_ec | Q2: valid_maxec
B4: osupinc
A5: osupinc P0 | B5: =_xll.VALEUROUTPUT(B4,"THEME1=?",B1,B2,"0") -> 0
B6: Non traitement
B7: =_xll.NONTRAITE(B1,B2,"THEME8=INC") -> 0 | J7: =_xll.NONTRAITE(B1,B2,"THEME8=INC",FALSE) -> 0

Sheet complexité
A1: Fichier primaire | B1: =CHARGEMENT!B1 -> T:\Donnees\02_Courant\07_Outil_moyen_methode\03_Modele_de_base\09_Prototypes_2023\08_ModWS\08152\prototype_81-52\PC_7002071_UA08152_FINAL.pri
A2: Nom du test | B2: Rotations
A3: Output de superficie | B3: OSUPTOT
A4: Superficie | B4: {=_xll.VALEUROUTPUT(B3,"?",B1,B2,0)} -> 0 | C4: #/ha
A5: Variables | B5: {=_xll.STATISTIQUESDUGRAPHS(B1,B2)} -> 0 | C5: =B5/B$4 -> #DIV/0! | D5: Nombre de décisions à prendre par ha en fonction du regroupement/stratégie/évolution
A6: Contraintes | C6: =B6/B$4 -> #DIV/0!
A7: Branches | C7: =B7/B$4 -> #DIV/0!
A8: Développements | C8: =B8/B$4 -> #DIV/0! | D8: Nombre de strates produites par ha par le regroupement/stratégie/évolution
A9: Contraintes de transfert | C9: =B9/B$4 -> #DIV/0!
A10: Contraintes d'outputs | C10: =B10/B$4 -> #DIV/0!
A11: Variables d'outputs | C11: =B11/B$4 -> #DIV/0!

Sheet superf_vs_recolte
A1: Fichier primaire | B1: =CHARGEMENT!B1 -> T:\Donnees\02_Courant\07_Outil_moyen_methode\03_Modele_de_base\09_Prototypes_2023\08_ModWS\08152\prototype_81-52\PC_7002071_UA08152_FINAL.pri
A2: Nom du test | B2: Sce2_Recolte_oVolTotRec
C3: Outputs
A4: Groupes de strates | B4: Noms | C4: OSUPINC | D4: OSUPREALREGAPRE | E4: Ratio | F4: 1 | G4: 2 | H4: 3 | I4: 4 | J4: 5 | K4: 6 | L4: 7 | M4: 8 | N4: 9 | O4: 10 | P4: 11 | Q4: 12 | R4: 13 | S4: 14 | T4: 15 | U4: 16 | V4: 17 | W4: 18 | X4: 19 | Y4: 20 | Z4: 21 | AA4: 22 | AB4: 23 | AC4: 24 | AD4: 25 | AE4: 26 | AF4: 27 | AG4: 28 | AH4: 29 | AI4: 30
A5: {=_xll.NOMATTRIBUTS(1,"?",B1,B2)} -> 0 | B5: {=_xll.DESCRIPTIONATTRIBUTS(1,"?",B1,B2)} -> 0 | C5: {=_xll.VALEUROUTPUT($C$4,_xlfn.CONCAT("THEME1=",A5),$B$1,$B$2,0)} -> 0 | D5: =SUM(F5:AI5) -> 0 | E5: =IFERROR(D5/C5,"-") -> - | F5: {=_xll.VALEUROUTPUT($D$4,_xlfn.CONCAT("THEME1=",$A5),$B$1,$B$2,F$4)} -> 0 | G5: {=_xll.VALEUROUTPUT($D$4,_xlfn.CONCAT("THEME1=",$A5),$B$1,$B$2,G$4)} -> 0 | H5: {=_xll.VALEUROUTPUT($D$4,_xlfn.CONCAT("THEME1=",$A5),$B$1,$B$2,H$4)} -> 0 | I5: {=_xll.VALEUROUTPUT($D$4,_xlfn.CONCAT("THEME1=",$A5),$B$1,$B$2,I$4)} -> 0 | J5: {=_xll.VALEUROUTPUT($D$4,_xlfn.CONCAT("THEME1=",$A5),$B$1,$B$2,J$4)} -> 0 | K5: {=_xll.VALEUROUTPUT($D$4,_xlfn.CONCAT("THEME1=",$A5),$B$1,$B$2,K$4)} -> 0 | L5: {=_xll.VALEUROUTPUT($D$4,_xlfn.CONCAT("THEME1=",$A5),$B$1,$B$2,L$4)} -> 0 | M5: {=_xll.VALEUROUTPUT($D$4,_xlfn.CONCAT("THEME1=",$A5),$B$1,$B$2,M$4)} -> 0 | ... AI5: {=_xll.VALEUROUTPUT($D$4,_xlfn.CONCAT("THEME1=",$A5),$B$1,$B$2,AI$4)} -> 0
C6: {=_xll.VALEUROUTPUT($C$4,_xlfn.CONCAT("THEME1=",A6),$B$1,$B$2,0)} -> 0 | D6: =SUM(F6:AI6) -> 0 | E6: =D6/C6 -> #DIV/0! | F6: {=_xll.VALEUROUTPUT($D$4,_xlfn.CONCAT("THEME1=",$A6),$B$1,$B$2,F$4)} -> 0 | G6: {=_xll.VALEUROUTPUT($D$4,_xlfn.CONCAT("THEME1=",$A6),$B$1,$B$2,G$4)} -> 0 | H6: {=_xll.VALEUROUTPUT($D$4,_xlfn.CONCAT("THEME1=",$A6),$B$1,$B$2,H$4)} -> 0 | I6: {=_xll.VALEUROUTPUT($D$4,_xlfn.CONCAT("THEME1=",$A6),$B$1,$B$2,I$4)} -> 0 | J6: {=_xll.VALEUROUTPUT($D$4,_xlfn.CONCAT("THEME1=",$A6),$B$1,$B$2,J$4)} -> 0 | K6: {=_xll.VALEUROUTPUT($D$4,_xlfn.CONCAT("THEME1=",$A6),$B$1,$B$2,K$4)} -> 0 | L6: {=_xll.VALEUROUTPUT($D$4,_xlfn.CONCAT("THEME1=",$A6),$B$1,$B$2,L$4)} -> 0 | M6: {=_xll.VALEUROUTPUT($D$4,_xlfn.CONCAT("THEME1=",$A6),$B$1,$B$2,M$4)} -> 0 | ... AI6: {=_xll.VALEUROUTPUT($D$4,_xlfn.CONCAT("THEME1=",$A6),$B$1,$B$2,AI$4)} -> 0
C7: {=_xll.VALEUROUTPUT($C$4,_xlfn.CONCAT("THEME1=",A7),$B$1,$B$2,0)} -> 0 | D7: =SUM(F7:AI7) -> 0 | E7: =D7/C7 -> #DIV/0! | F7: {=_xll.VALEUROUTPUT($D$4,_xlfn.CONCAT("THEME1=",$A7),$B$1,$B$2,F$4)} -> 0 | G7: {=_xll.VALEUROUTPUT($D$4,_xlfn.CONCAT("THEME1=",$A7),$B$1,$B$2,G$4)} -> 0 | H7: {=_xll.VALEUROUTPUT($D$4,_xlfn.CONCAT("THEME1=",$A7),$B$1,$B$2,H$4)} -> 0 | I7: {=_xll.VALEUROUTPUT($D$4,_xlfn.CONCAT("THEME1=",$A7),$B$1,$B$2,I$4)} -> 0 | J7: {=_xll.VALEUROUTPUT($D$4,_xlfn.CONCAT("THEME1=",$A7),$B$1,$B$2,J$4)} -> 0 | K7: {=_xll.VALEUROUTPUT($D$4,_xlfn.CONCAT("THEME1=",$A7),$B$1,$B$2,K$4)} -> 0 | L7: {=_xll.VALEUROUTPUT($D$4,_xlfn.CONCAT("THEME1=",$A7),$B$1,$B$2,L$4)} -> 0 | M7: {=_xll.VALEUROUTPUT($D$4,_xlfn.CONCAT("THEME1=",$A7),$B$1,$B$2,M$4)} -> 0 | ... AI7: {=_xll.VALEUROUTPUT($D$4,_xlfn.CONCAT("THEME1=",$A7),$B$1,$B$2,AI$4)} -> 0
C8: {=_xll.VALEUROUTPUT($C$4,_xlfn.CONCAT("THEME1=",A8),$B$1,$B$2,0)} -> 0 | D8: =SUM(F8:AI8) -> 0 | E8: =D8/C8 -> #DIV/0! | F8: {=_xll.VALEUROUTPUT($D$4,_xlfn.CONCAT("THEME1=",$A8),$B$1,$B$2,F$4)} -> 0 | G8: {=_xll.VALEUROUTPUT($D$4,_xlfn.CONCAT("THEME1=",$A8),$B$1,$B$2,G$4)} -> 0 | H8: {=_xll.VALEUROUTPUT($D$4,_xlfn.CONCAT("THEME1=",$A8),$B$1,$B$2,H$4)} -> 0 | I8: {=_xll.VALEUROUTPUT($D$4,_xlfn.CONCAT("THEME1=",$A8),$B$1,$B$2,I$4)} -> 0 | J8: {=_xll.VALEUROUTPUT($D$4,_xlfn.CONCAT("THEME1=",$A8),$B$1,$B$2,J$4)} -> 0 | K8: {=_xll.VALEUROUTPUT($D$4,_xlfn.CONCAT("THEME1=",$A8),$B$1,$B$2,K$4)} -> 0 | L8: {=_xll.VALEUROUTPUT($D$4,_xlfn.CONCAT("THEME1=",$A8),$B$1,$B$2,L$4)} -> 0 | M8: {=_xll.VALEUROUTPUT($D$4,_xlfn.CONCAT("THEME1=",$A8),$B$1,$B$2,M$4)} -> 0 | ... AI8: {=_xll.VALEUROUTPUT($D$4,_xlfn.CONCAT("THEME1=",$A8),$B$1,$B$2,AI$4)} -> 0
C9: {=_xll.VALEUROUTPUT($C$4,_xlfn.CONCAT("THEME1=",A9),$B$1,$B$2,0)} -> 0 | D9: =SUM(F9:AI9) -> 0 | E9: =D9/C9 -> #DIV/0! | F9: {=_xll.VALEUROUTPUT($D$4,_xlfn.CONCAT("THEME1=",$A9),$B$1,$B$2,F$4)} -> 0 | G9: {=_xll.VALEUROUTPUT($D$4,_xlfn.CONCAT("THEME1=",$A9),$B$1,$B$2,G$4)} -> 0 | H9: {=_xll.VALEUROUTPUT($D$4,_xlfn.CONCAT("THEME1=",$A9),$B$1,$B$2,H$4)} -> 0 | I9: {=_xll.VALEUROUTPUT($D$4,_xlfn.CONCAT("THEME1=",$A9),$B$1,$B$2,I$4)} -> 0 | J9: {=_xll.VALEUROUTPUT($D$4,_xlfn.CONCAT("THEME1=",$A9),$B$1,$B$2,J$4)} -> 0 | K9: {=_xll.VALEUROUTPUT($D$4,_xlfn.CONCAT("THEME1=",$A9),$B$1,$B$2,K$4)} -> 0 | L9: {=_xll.VALEUROUTPUT($D$4,_xlfn.CONCAT("THEME1=",$A9),$B$1,$B$2,L$4)} -> 0 | M9: {=_xll.VALEUROUTPUT($D$4,_xlfn.CONCAT("THEME1=",$A9),$B$1,$B$2,M$4)} -> 0 | ... AI9: {=_xll.VALEUROUTPUT($D$4,_xlfn.CONCAT("THEME1=",$A9),$B$1,$B$2,AI$4)} -> 0
C10: {=_xll.VALEUROUTPUT($C$4,_xlfn.CONCAT("THEME1=",A10),$B$1,$B$2,0)} -> 0 | D10: =SUM(F10:AI10) -> 0 | E10: =D10/C10 -> #DIV/0! | F10: {=_xll.VALEUROUTPUT($D$4,_xlfn.CONCAT("THEME1=",$A10),$B$1,$B$2,F$4)} -> 0 | G10: {=_xll.VALEUROUTPUT($D$4,_xlfn.CONCAT("THEME1=",$A10),$B$1,$B$2,G$4)} -> 0 | H10: {=_xll.VALEUROUTPUT($D$4,_xlfn.CONCAT("THEME1=",$A10),$B$1,$B$2,H$4)} -> 0 | I10: {=_xll.VALEUROUTPUT($D$4,_xlfn.CONCAT("THEME1=",$A10),$B$1,$B$2,I$4)} -> 0 | J10: {=_xll.VALEUROUTPUT($D$4,_xlfn.CONCAT("THEME1=",$A10),$B$1,$B$2,J$4)} -> 0 | K10: {=_xll.VALEUROUTPUT($D$4,_xlfn.CONCAT("THEME1=",$A10),$B$1,$B$2,K$4)} -> 0 | L10: {=_xll.VALEUROUTPUT($D$4,_xlfn.CONCAT("THEME1=",$A10),$B$1,$B$2,L$4)} -> 0 | M10: {=_xll.VALEUROUTPUT($D$4,_xlfn.CONCAT("THEME1=",$A10),$B$1,$B$2,M$4)} -> 0 | ... AI10: {=_xll.VALEUROUTPUT($D$4,_xlfn.CONCAT("THEME1=",$A10),$B$1,$B$2,AI$4)} -> 0
C11: {=_xll.VALEUROUTPUT($C$4,_xlfn.CONCAT("THEME1=",A11),$B$1,$B$2,0)} -> 0 | D11: =SUM(F11:AI11) -> 0 | E11: =D11/C11 -> #DIV/0! | F11: {=_xll.VALEUROUTPUT($D$4,_xlfn.CONCAT("THEME1=",$A11),$B$1,$B$2,F$4)} -> 0 | G11: {=_xll.VALEUROUTPUT($D$4,_xlfn.CONCAT("THEME1=",$A11),$B$1,$B$2,G$4)} -> 0 | H11: {=_xll.VALEUROUTPUT($D$4,_xlfn.CONCAT("THEME1=",$A11),$B$1,$B$2,H$4)} -> 0 | I11: {=_xll.VALEUROUTPUT($D$4,_xlfn.CONCAT("THEME1=",$A11),$B$1,$B$2,I$4)} -> 0 | J11: {=_xll.VALEUROUTPUT($D$4,_xlfn.CONCAT("THEME1=",$A11),$B$1,$B$2,J$4)} -> 0 | K11: {=_xll.VALEUROUTPUT($D$4,_xlfn.CONCAT("THEME1=",$A11),$B$1,$B$2,K$4)} -> 0 | L11: {=_xll.VALEUROUTPUT($D$4,_xlfn.CONCAT("THEME1=",$A11),$B$1,$B$2,L$4)} -> 0 | M11: {=_xll.VALEUROUTPUT($D$4,_xlfn.CONCAT("THEME1=",$A11),$B$1,$B$2,M$4)} -> 0 | ... AI11: {=_xll.VALEUROUTPUT($D$4,_xlfn.CONCAT("THEME1=",$A11),$B$1,$B$2,AI$4)} -> 0
C12: {=_xll.VALEUROUTPUT($C$4,_xlfn.CONCAT("THEME1=",A12),$B$1,$B$2,0)} -> 0 | D12: =SUM(F12:AI12) -> 0 | E12: =D12/C12 -> #DIV/0! | F12: {=_xll.VALEUROUTPUT($D$4,_xlfn.CONCAT("THEME1=",$A12),$B$1,$B$2,F$4)} -> 0 | G12: {=_xll.VALEUROUTPUT($D$4,_xlfn.CONCAT("THEME1=",$A12),$B$1,$B$2,G$4)} -> 0 | H12: {=_xll.VALEUROUTPUT($D$4,_xlfn.CONCAT("THEME1=",$A12),$B$1,$B$2,H$4)} -> 0 | I12: {=_xll.VALEUROUTPUT($D$4,_xlfn.CONCAT("THEME1=",$A12),$B$1,$B$2,I$4)} -> 0 | J12: {=_xll.VALEUROUTPUT($D$4,_xlfn.CONCAT("THEME1=",$A12),$B$1,$B$2,J$4)} -> 0 | K12: {=_xll.VALEUROUTPUT($D$4,_xlfn.CONCAT("THEME1=",$A12),$B$1,$B$2,K$4)} -> 0 | L12: {=_xll.VALEUROUTPUT($D$4,_xlfn.CONCAT("THEME1=",$A12),$B$1,$B$2,L$4)} -> 0 | M12: {=_xll.VALEUROUTPUT($D$4,_xlfn.CONCAT("THEME1=",$A12),$B$1,$B$2,M$4)} -> 0 | ... AI12: {=_xll.VALEUROUTPUT($D$4,_xlfn.CONCAT("THEME1=",$A12),$B$1,$B$2,AI$4)} -> 0
C13: {=_xll.VALEUROUTPUT($C$4,_xlfn.CONCAT("THEME1=",A13),$B$1,$B$2,0)} -> 0 | D13: =SUM(F13:AI13) -> 0 | E13: =D13/C13 -> #DIV/0! | F13: {=_xll.VALEUROUTPUT($D$4,_xlfn.CONCAT("THEME1=",$A13),$B$1,$B$2,F$4)} -> 0 | G13: {=_xll.VALEUROUTPUT($D$4,_xlfn.CONCAT("THEME1=",$A13),$B$1,$B$2,G$4)} -> 0 | H13: {=_xll.VALEUROUTPUT($D$4,_xlfn.CONCAT("THEME1=",$A13),$B$1,$B$2,H$4)} -> 0 | I13: {=_xll.VALEUROUTPUT($D$4,_xlfn.CONCAT("THEME1=",$A13),$B$1,$B$2,I$4)} -> 0 | J13: {=_xll.VALEUROUTPUT($D$4,_xlfn.CONCAT("THEME1=",$A13),$B$1,$B$2,J$4)} -> 0 | K13: {=_xll.VALEUROUTPUT($D$4,_xlfn.CONCAT("THEME1=",$A13),$B$1,$B$2,K$4)} -> 0 | L13: {=_xll.VALEUROUTPUT($D$4,_xlfn.CONCAT("THEME1=",$A13),$B$1,$B$2,L$4)} -> 0 | M13: {=_xll.VALEUROUTPUT($D$4,_xlfn.CONCAT("THEME1=",$A13),$B$1,$B$2,M$4)} -> 0 | ... AI13: {=_xll.VALEUROUTPUT($D$4,_xlfn.CONCAT("THEME1=",$A13),$B$1,$B$2,AI$4)} -> 0
C14: {=_xll.VALEUROUTPUT($C$4,_xlfn.CONCAT("THEME1=",A14),$B$1,$B$2,0)} -> 0 | D14: =SUM(F14:AI14) -> 0 | E14: =D14/C14 -> #DIV/0! | F14: {=_xll.VALEUROUTPUT($D$4,_xlfn.CONCAT("THEME1=",$A14),$B$1,$B$2,F$4)} -> 0 | G14: {=_xll.VALEUROUTPUT($D$4,_xlfn.CONCAT("THEME1=",$A14),$B$1,$B$2,G$4)} -> 0 | H14: {=_xll.VALEUROUTPUT($D$4,_xlfn.CONCAT("THEME1=",$A14),$B$1,$B$2,H$4)} -> 0 | I14: {=_xll.VALEUROUTPUT($D$4,_xlfn.CONCAT("THEME1=",$A14),$B$1,$B$2,I$4)} -> 0 | J14: {=_xll.VALEUROUTPUT($D$4,_xlfn.CONCAT("THEME1=",$A14),$B$1,$B$2,J$4)} -> 0 | K14: {=_xll.VALEUROUTPUT($D$4,_xlfn.CONCAT("THEME1=",$A14),$B$1,$B$2,K$4)} -> 0 | L14: {=_xll.VALEUROUTPUT($D$4,_xlfn.CONCAT("THEME1=",$A14),$B$1,$B$2,L$4)} -> 0 | M14: {=_xll.VALEUROUTPUT($D$4,_xlfn.CONCAT("THEME1=",$A14),$B$1,$B$2,M$4)} -> 0 | ... AI14: {=_xll.VALEUROUTPUT($D$4,_xlfn.CONCAT("THEME1=",$A14),$B$1,$B$2,AI$4)} -> 0
C15: {=_xll.VALEUROUTPUT($C$4,_xlfn.CONCAT("THEME1=",A15),$B$1,$B$2,0)} -> 0 | D15: =SUM(F15:AI15) -> 0 | E15: =D15/C15 -> #DIV/0! | F15: {=_xll.VALEUROUTPUT($D$4,_xlfn.CONCAT("THEME1=",$A15),$B$1,$B$2,F$4)} -> 0 | G15: {=_xll.VALEUROUTPUT($D$4,_xlfn.CONCAT("THEME1=",$A15),$B$1,$B$2,G$4)} -> 0 | H15: {=_xll.VALEUROUTPUT($D$4,_xlfn.CONCAT("THEME1=",$A15),$B$1,$B$2,H$4)} -> 0 | I15: {=_xll.VALEUROUTPUT($D$4,_xlfn.CONCAT("THEME1=",$A15),$B$1,$B$2,I$4)} -> 0 | J15: {=_xll.VALEUROUTPUT($D$4,_xlfn.CONCAT("THEME1=",$A15),$B$1,$B$2,J$4)} -> 0 | K15: {=_xll.VALEUROUTPUT($D$4,_xlfn.CONCAT("THEME1=",$A15),$B$1,$B$2,K$4)} -> 0 | L15: {=_xll.VALEUROUTPUT($D$4,_xlfn.CONCAT("THEME1=",$A15),$B$1,$B$2,L$4)} -> 0 | M15: {=_xll.VALEUROUTPUT($D$4,_xlfn.CONCAT("THEME1=",$A15),$B$1,$B$2,M$4)} -> 0 | ... AI15: {=_xll.VALEUROUTPUT($D$4,_xlfn.CONCAT("THEME1=",$A15),$B$1,$B$2,AI$4)} -> 0
C16: {=_xll.VALEUROUTPUT($C$4,_xlfn.CONCAT("THEME1=",A16),$B$1,$B$2,0)} -> 0 | D16: =SUM(F16:AI16) -> 0 | E16: =D16/C16 -> #DIV/0! | F16: {=_xll.VALEUROUTPUT($D$4,_xlfn.CONCAT("THEME1=",$A16),$B$1,$B$2,F$4)} -> 0 | G16: {=_xll.VALEUROUTPUT($D$4,_xlfn.CONCAT("THEME1=",$A16),$B$1,$B$2,G$4)} -> 0 | H16: {=_xll.VALEUROUTPUT($D$4,_xlfn.CONCAT("THEME1=",$A16),$B$1,$B$2,H$4)} -> 0 | I16: {=_xll.VALEUROUTPUT($D$4,_xlfn.CONCAT("THEME1=",$A16),$B$1,$B$2,I$4)} -> 0 | J16: {=_xll.VALEUROUTPUT($D$4,_xlfn.CONCAT("THEME1=",$A16),$B$1,$B$2,J$4)} -> 0 | K16: {=_xll.VALEUROUTPUT($D$4,_xlfn.CONCAT("THEME1=",$A16),$B$1,$B$2,K$4)} -> 0 | L16: {=_xll.VALEUROUTPUT($D$4,_xlfn.CONCAT("THEME1=",$A16),$B$1,$B$2,L$4)} -> 0 | M16: {=_xll.VALEUROUTPUT($D$4,_xlfn.CONCAT("THEME1=",$A16),$B$1,$B$2,M$4)} -> 0 | ... AI16: {=_xll.VALEUROUTPUT($D$4,_xlfn.CONCAT("THEME1=",$A16),$B$1,$B$2,AI$4)} -> 0
C17: {=_xll.VALEUROUTPUT($C$4,_xlfn.CONCAT("THEME1=",A17),$B$1,$B$2,0)} -> 0 | D17: =SUM(F17:AI17) -> 0 | E17: =D17/C17 -> #DIV/0! | F17: {=_xll.VALEUROUTPUT($D$4,_xlfn.CONCAT("THEME1=",$A17),$B$1,$B$2,F$4)} -> 0 | G17: {=_xll.VALEUROUTPUT($D$4,_xlfn.CONCAT("THEME1=",$A17),$B$1,$B$2,G$4)} -> 0 | H17: {=_xll.VALEUROUTPUT($D$4,_xlfn.CONCAT("THEME1=",$A17),$B$1,$B$2,H$4)} -> 0 | I17: {=_xll.VALEUROUTPUT($D$4,_xlfn.CONCAT("THEME1=",$A17),$B$1,$B$2,I$4)} -> 0 | J17: {=_xll.VALEUROUTPUT($D$4,_xlfn.CONCAT("THEME1=",$A17),$B$1,$B$2,J$4)} -> 0 | K17: {=_xll.VALEUROUTPUT($D$4,_xlfn.CONCAT("THEME1=",$A17),$B$1,$B$2,K$4)} -> 0 | L17: {=_xll.VALEUROUTPUT($D$4,_xlfn.CONCAT("THEME1=",$A17),$B$1,$B$2,L$4)} -> 0 | M17: {=_xll.VALEUROUTPUT($D$4,_xlfn.CONCAT("THEME1=",$A17),$B$1,$B$2,M$4)} -> 0 | ... AI17: {=_xll.VALEUROUTPUT($D$4,_xlfn.CONCAT("THEME1=",$A17),$B$1,$B$2,AI$4)} -> 0
... C82: {=_xll.VALEUROUTPUT($C$4,_xlfn.CONCAT("THEME1=",A82),$B$1,$B$2,0)} -> 0 | D82: =SUM(F82:AI82) -> 0 | E82: =D82/C82 -> #DIV/0! | F82: {=_xll.VALEUROUTPUT($D$4,_xlfn.CONCAT("THEME1=",$A82),$B$1,$B$2,F$4)} -> 0 | G82: {=_xll.VALEUROUTPUT($D$4,_xlfn.CONCAT("THEME1=",$A82),$B$1,$B$2,G$4)} -> 0 | H82: {=_xll.VALEUROUTPUT($D$4,_xlfn.CONCAT("THEME1=",$A82),$B$1,$B$2,H$4)} -> 0 | I82: {=_xll.VALEUROUTPUT($D$4,_xlfn.CONCAT("THEME1=",$A82),$B$1,$B$2,I$4)} -> 0 | J82: {=_xll.VALEUROUTPUT($D$4,_xlfn.CONCAT("THEME1=",$A82),$B$1,$B$2,J$4)} -> 0 | K82: {=_xll.VALEUROUTPUT($D$4,_xlfn.CONCAT("THEME1=",$A82),$B$1,$B$2,K$4)} -> 0 | L82: {=_xll.VALEUROUTPUT($D$4,_xlfn.CONCAT("THEME1=",$A82),$B$1,$B$2,L$4)} -> 0 | M82: {=_xll.VALEUROUTPUT($D$4,_xlfn.CONCAT("THEME1=",$A82),$B$1,$B$2,M$4)} -> 0 | ... AI82: {=_xll.VALEUROUTPUT($D$4,_xlfn.CONCAT("THEME1=",$A82),$B$1,$B$2,AI$4)} -> 0

Sheet sequence_complete
B1: ici c'est les valeurs uniques de toutes les cases de p0 à p30, pour les GS
B2: bcp de cas je ne comprends pas pourquoi il y a autant de séquence " | "
B3: des séquences assez curieuses aussi
B8: ASNAT-ASNAT
B9: ASNAT-ACT|ASNAT-ACT-AREG
B10: ASNAT-ACT
A11: Je ne comprends pas cette séquence | B11: AEC-APL-AEC-APL|AEC-APL-APL
A12: même séquence ! | B12: AEC-APL-AEC|AEC-APL-AEC-APL|AEC-APL-APL
A13: Je ne comprends pas cette séquence / est-ce qu'il y a une erreur dans nos facultatif ? | B13: AEC-APL-AEC
B14: AEC-APL|AEC-AREG
B15: AEC-APL
A16: pourquoi autant de choix, de répétitions | B16: AEC-ACT-APL-AEC|AEC-ACT-APL-AEC-APL|AEC-ACT-APL-APL|AEC-APL-AEC-APL-AEC-APL|AEC-APL-AEC-APL-APL|AEC-APL-APL-AEC-APL|AEC-APL-APL-APL
B17: AEC-ACT-ACT|AEC-ACT-ACT-APL|AEC-ACT-APL-AEC|AEC-ACT-APL-AEC-APL|AEC-ACT-APL-APL|AEC-APL-AEC-APL-AEC-APL|AEC-APL-AEC-APL-APL|AEC-APL-APL-AEC-APL|AEC-APL-APL-APL
B18: ACT-ASNAT|ASNAT-ASNAT
B19: ACT-ASNAT|ASNAT-ACT-ACT|ASNAT-ASNAT
B20: ACT-AREG-ACT|ACT-AREG-ACT-AREG|AREG-ACT|AREG-ACT-AREG|ASNAT-ASNAT
B21: ACT-AREG-ACT|ACT-AREG-ACT-AREG|AREG-ACT|AREG-ACT-AREG
B22: ACT-AREG-ACT|ACT-AREG-ACT-AREG|ACT-ASNAT|AREG-ACT|AREG-ACT-AREG|ASNAT-ASNAT
B23: ACT-AREG-ACT|ACT-AREG-ACT-AREG|ACT-ASNAT|AREG-ACT|AREG-ACT-AREG|ASNAT-ACT-ACT|ASNAT-ACT-ACT-AREG|ASNAT-ACT-AREG-ACT|ASNAT-ACT-AREG-ACT-AREG|ASNAT-ASNAT
B24: ACT-AREG-ACT|ACT-AREG-ACT-AREG|ACT-ASNAT|AREG-ACT|AREG-ACT-AREG
B25: ACT-AREG-ACT|ACT-AREG-ACT-ACT|ACT-AREG-ACT-ACT-AREG|ACT-AREG-ACT-AREG|ACT-ASNAT|AREG-ACT|AREG-ACT-ACT|AREG-ACT-ACT-AREG|AREG-ACT-AREG|ASNAT-ACT-ACT|ASNAT-ACT-ACT-AREG|ASNAT-ACT-AREG-ACT|ASNAT-ACT-AREG-ACT-AREG|ASNAT-ASNAT
B26: ACT-AREG-ACT|ACT-AREG-ACT-ACT|ACT-AREG-ACT-ACT-AREG|ACT-AREG-ACT-AREG|ACT-ASNAT|AREG-ACT|AREG-ACT-ACT|AREG-ACT-ACT-AREG|AREG-ACT-AREG
B27: ACT-APL-APL-APL|APL-APL-APL
B28: ACT-APL-APL|APL-APL
... B36: ACT-APL-AEC-APL|AEC-APL-AEC|APL-AEC-APL
A37: Je ne comprends pas cette séquence | B37: ACT-APL-AEC-APL|ACT-APL-APL|AEC-APL-AEC|APL-AEC-APL|APL-APL
B38: ACT-APL-AEC-APL|ACT-APL-AEC-AREG|AEC-APL-AEC|APL-AEC-APL|APL-AEC-AREG
B39: ACT-APL-AEC-APL|ACT-APL-AEC-AREG|ACT-APL-APL|ACT-APL-AREG|AEC-APL-AEC|APL-AEC-APL|APL-AEC-AREG|APL-APL|APL-AREG
B40: ACT-APL-AEC|APL-AEC
B41: ACT-APL-AEC|AEC-APL|APL-AEC
B42: ACT-APL-AEC|AEC-APL|AEC-AREG|APL-AEC
B43: ACT-ACT-APL-AEC|ACT-APL-AEC-APL-AEC-APL|ACT-APL-AEC-APL-APL|ACT-APL-APL-AEC-APL|ACT-APL-APL-APL|AEC-ACT|AEC-ACT-APL|AEC-APL-AEC-APL-AEC|AEC-APL-APL-AEC|APL-AEC-APL-AEC-APL|APL-AEC-APL-APL|APL-APL-AEC-APL|APL-APL-APL
B44: ACT-ACT-APL-AEC|ACT-APL-AEC-APL-AEC-APL|ACT-APL-AEC-APL-APL|ACT-APL-APL-AEC|ACT-APL-APL-AEC-APL|AEC-ACT|AEC-ACT-APL|AEC-APL-AEC-APL-AEC|AEC-APL-APL-AEC|APL-AEC-APL-AEC-APL|APL-AEC-APL-APL|APL-APL-AEC|APL-APL-AEC-APL
B45: ACT-ACT-APL-AEC|ACT-APL-AEC-APL-AEC|ACT-APL-AEC-APL-AEC-APL|ACT-APL-APL-AEC|AEC-ACT|AEC-ACT-APL|AEC-APL-AEC-APL-AEC|AEC-APL-APL|APL-AEC-APL-AEC|APL-AEC-APL-AEC-APL|APL-APL-AEC
B46: ACT-ACT-APL-AEC|ACT-ACT-APL-AEC-APL|ACT-APL-AEC-APL-AEC-APL|ACT-APL-AEC-APL-APL|ACT-APL-APL-AEC-APL|ACT-APL-APL-APL|AEC-ACT|AEC-ACT-APL|AEC-ACT-APL-AEC|AEC-APL-AEC-APL-AEC|AEC-APL-AEC-APL-AEC-APL|AEC-APL-APL-AEC|APL-AEC-APL-AEC-APL|APL-AEC-APL-APL|APL-APL-AEC-APL|APL-APL-APL
B47: ACT-ACT-APL-AEC|ACT-ACT-APL-AEC-APL|ACT-ACT-APL-APL|ACT-APL-AEC-APL-APL|ACT-APL-APL-AEC-APL|ACT-APL-APL-APL|AEC-ACT|AEC-ACT-APL|AEC-ACT-APL-AEC|AEC-APL-AEC-APL-AEC|AEC-APL-AEC-APL-AEC-APL|AEC-APL-AEC-APL-APL|AEC-APL-APL-AEC|AEC-APL-APL-AEC-APL|AEC-APL-APL-APL|APL-AEC-APL-APL|APL-APL-AEC-APL|APL-APL-APL
B48: ACT-ACT-APL-AEC|ACT-ACT-APL-AEC-APL|ACT-ACT-APL-APL|ACT-APL-AEC-APL-AEC-APL|ACT-APL-AEC-APL-APL|ACT-APL-APL-AEC-APL|ACT-APL-APL-APL|AEC-ACT|AEC-ACT-APL|AEC-ACT-APL-AEC|AEC-APL-AEC-APL-AEC|AEC-APL-AEC-APL-AEC-APL|AEC-APL-AEC-APL-APL|AEC-APL-APL-AEC|AEC-APL-APL-AEC-APL|APL-AEC-APL-AEC-APL|APL-AEC-APL-APL|APL-APL-AEC-APL|APL-APL-APL
B49: ACT-ACT-ACT|ACT-ASNAT|ASNAT-ACT-ACT|ASNAT-ASNAT|ASNAT-ASNAT-ACT
... B325: ACPFAIBL-ACPFAIBL
A438: ici je ne comprend pas cette séquence

Sheet sequence_unique
E1: Faudra vérifer , mais je crois que c'est pas bien si on a ces possibilité de sequence d'action. Il y a des chose qui ne fonctionne pas
C3: HzCPF
A4: nombre traitement | B4: sequence | C4: Séq. trait. SR | D4: Objectif production | E4: commentaires | O4: Séq. trait. SR | P4: Objectif production | Q4: Séquence WS ??
A5: =COUNTIF(G5:M5,">1")+1 -> 2 | B5: ACPFAIBL-ACPFAIBL | G5: =IFERROR(FIND("-",$B5,1),"") -> 9 | H5: =IFERROR(FIND("-",$B5,G5+1),"") | I5: =IFERROR(FIND("-",$B5,H5+1),"") | J5: =IFERROR(FIND("-",$B5,I5+1),"") | K5: =IFERROR(FIND("-",$B5,J5+1),"") | L5: =IFERROR(FIND("-",$B5,K5+1),"") | M5: =IFERROR(FIND("-",$B5,L5+1),"") | O5: CPfaibl | P5: CPIP
A6: =COUNTIF(G6:M6,">1")+1 -> 2 | B6: ACPFORT-ACRV | C6: CPfort-CRV | D6: CPIL-CT | G6: =IFERROR(FIND("-",$B6,1),"") -> 8 | H6: =IFERROR(FIND("-",$B6,G6+1),"") | I6: =IFERROR(FIND("-",$B6,H6+1),"") | J6: =IFERROR(FIND("-",$B6,I6+1),"") | K6: =IFERROR(FIND("-",$B6,J6+1),"") | L6: =IFERROR(FIND("-",$B6,K6+1),"") | M6: =IFERROR(FIND("-",$B6,L6+1),"") | O6: CPfort-CRV | P6: CPIL-CT
A7: =COUNTIF(G7:M7,">1")+1 -> 2 | B7: ACPIL-ACRV | C7: CPIL-CRV | D7: CPIL-SCA-2_EDUNAT-CT | G7: =IFERROR(FIND("-",$B7,1),"") -> 6 | H7: =IFERROR(FIND("-",$B7,G7+1),"") | I7: =IFERROR(FIND("-",$B7,H7+1),"") | J7: =IFERROR(FIND("-",$B7,I7+1),"") | K7: =IFERROR(FIND("-",$B7,J7+1),"") | L7: =IFERROR(FIND("-",$B7,K7+1),"") | M7: =IFERROR(FIND("-",$B7,L7+1),"") | O7: CPfort-CRV | P7: CPIL-SCA-CT
D8: CPIL-SCA-REG-EDUNAT-ELA-EDUNAT-CT | O8: CPIL-CRV | P8: CPIL-SCA-2_EDUNAT-CT
A9: =COUNTIF(G9:M9,">1")+1 -> 2 | B9: ACPIP-ACPIP | C9: CPIP | D9: CPIP | G9: =IFERROR(FIND("-",$B9,1),"") -> 6 | H9: =IFERROR(FIND("-",$B9,G9+1),"") | I9: =IFERROR(FIND("-",$B9,H9+1),"") | J9: =IFERROR(FIND("-",$B9,I9+1),"") | K9: =IFERROR(FIND("-",$B9,J9+1),"") | L9: =IFERROR(FIND("-",$B9,K9+1),"") | M9: =IFERROR(FIND("-",$B9,L9+1),"") | O9: CPIL-CRV | P9: CPIL-SCA-REG-EDUNAT-ELA-EDUNAT-CT
D10: CPIP-SCA | O10: CPIP | P10: CPIP
A11: =COUNTIF(G11:M11,">1")+1 -> 2 | B11: ACPPTM-ACPPTM | C11: CPPTM | D11: CPPTM | G11: =IFERROR(FIND("-",$B11,1),"") -> 7 | H11: =IFERROR(FIND("-",$B11,G11+1),"") | I11: =IFERROR(FIND("-",$B11,H11+1),"") | J11: =IFERROR(FIND("-",$B11,I11+1),"") | K11: =IFERROR(FIND("-",$B11,J11+1),"") | L11: =IFERROR(FIND("-",$B11,K11+1),"") | M11: =IFERROR(FIND("-",$B11,L11+1),"") | O11: CPIP | P11: CPIP-SCA
A12: =COUNTIF(G12:M12,">1")+1 -> 2 | B12: ACPPTM-ACT | G12: =IFERROR(FIND("-",$B12,1),"") -> 7 | H12: =IFERROR(FIND("-",$B12,G12+1),"") | I12: =IFERROR(FIND("-",$B12,H12+1),"") | J12: =IFERROR(FIND("-",$B12,I12+1),"") | K12: =IFERROR(FIND("-",$B12,J12+1),"") | L12: =IFERROR(FIND("-",$B12,K12+1),"") | M12: =IFERROR(FIND("-",$B12,L12+1),"") | O12: CPPTM | P12: CPPTM
A13: =COUNTIF(G13:M13,">1")+1 -> 2 | B13: ACRS-ACPIL | G13: =IFERROR(FIND("-",$B13,1),"") -> 5 | H13: =IFERROR(FIND("-",$B13,G13+1),"") | I13: =IFERROR(FIND("-",$B13,H13+1),"") | J13: =IFERROR(FIND("-",$B13,I13+1),"") | K13: =IFERROR(FIND("-",$B13,J13+1),"") | L13: =IFERROR(FIND("-",$B13,K13+1),"") | M13: =IFERROR(FIND("-",$B13,L13+1),"") | O13: CRS | P13: CRS-SCA
A14: =COUNTIF(G14:M14,">1")+1 -> 2 | B14: ACRS-ACRS | G14: =IFERROR(FIND("-",$B14,1),"") -> 5 | H14: =IFERROR(FIND("-",$B14,G14+1),"") | I14: =IFERROR(FIND("-",$B14,H14+1),"") | J14: =IFERROR(FIND("-",$B14,I14+1),"") | K14: =IFERROR(FIND("-",$B14,J14+1),"") | L14: =IFERROR(FIND("-",$B14,K14+1),"") | M14: =IFERROR(FIND("-",$B14,L14+1),"") | O14: CRV | P14: CT
A15: =COUNTIF(G15:M15,">1")+1 -> 2 | B15: ACRV-ACPFORT | G15: =IFERROR(FIND("-",$B15,1),"") -> 5 | H15: =IFERROR(FIND("-",$B15,G15+1),"") | I15: =IFERROR(FIND("-",$B15,H15+1),"") | J15: =IFERROR(FIND("-",$B15,I15+1),"") | K15: =IFERROR(FIND("-",$B15,J15+1),"") | L15: =IFERROR(FIND("-",$B15,K15+1),"") | M15: =IFERROR(FIND("-",$B15,L15+1),"") | O15: CT | P15: CPRS
A16: =COUNTIF(G16:M16,">1")+1 -> 2 | B16: ACRV-ACPIL | G16: =IFERROR(FIND("-",$B16,1),"") -> 5 | H16: =IFERROR(FIND("-",$B16,G16+1),"") | I16: =IFERROR(FIND("-",$B16,H16+1),"") | J16: =IFERROR(FIND("-",$B16,I16+1),"") | K16: =IFERROR(FIND("-",$B16,J16+1),"") | L16: =IFERROR(FIND("-",$B16,K16+1),"") | M16: =IFERROR(FIND("-",$B16,L16+1),"") | O16: EC-CT | P16: EC-CPRS
A17: =COUNTIF(G17:M17,">1")+1 -> 2 | B17: ACRV-ACRS | G17: =IFERROR(FIND("-",$B17,1),"") -> 5 | H17: =IFERROR(FIND("-",$B17,G17+1),"") | I17: =IFERROR(FIND("-",$B17,H17+1),"") | J17: =IFERROR(FIND("-",$B17,I17+1),"") | K17: =IFERROR(FIND("-",$B17,J17+1),"") | L17: =IFERROR(FIND("-",$B17,K17+1),"") | M17: =IFERROR(FIND("-",$B17,L17+1),"") | O17: EC-CTPL | P17: EC-CTPL
A18: =COUNTIF(G18:M18,">1")+1 -> 2 | B18: ACRV-ACT | G18: =IFERROR(FIND("-",$B18,1),"") -> 5 | H18: =IFERROR(FIND("-",$B18,G18+1),"") | I18: =IFERROR(FIND("-",$B18,H18+1),"") | J18: =IFERROR(FIND("-",$B18,I18+1),"") | K18: =IFERROR(FIND("-",$B18,J18+1),"") | L18: =IFERROR(FIND("-",$B18,K18+1),"") | M18: =IFERROR(FIND("-",$B18,L18+1),"") | O18: EDUNAT-CT | P18: EDUNAT-CPRS
A19: =COUNTIF(G19:M19,">1")+1 -> 2 | B19: ACT-ACPFORT | G19: =IFERROR(FIND("-",$B19,1),"") -> 4 | H19: =IFERROR(FIND("-",$B19,G19+1),"") | I19: =IFERROR(FIND("-",$B19,H19+1),"") | J19: =IFERROR(FIND("-",$B19,I19+1),"") | K19: =IFERROR(FIND("-",$B19,J19+1),"") | L19: =IFERROR(FIND("-",$B19,K19+1),"") | M19: =IFERROR(FIND("-",$B19,L19+1),"") | O19: EDUNAT-EC-CT | P19: EDUNAT-EC-CPRS
A20: =COUNTIF(G20:M20,">1")+1 -> 2 | B20: ACT-ACPIL | E20: changement de régime CT vers CP ??? | G20: =IFERROR(FIND("-",$B20,1),"") -> 4 | H20: =IFERROR(FIND("-",$B20,G20+1),"") | I20: =IFERROR(FIND("-",$B20,H20+1),"") | J20: =IFERROR(FIND("-",$B20,I20+1),"") | K20: =IFERROR(FIND("-",$B20,J20+1),"") | L20: =IFERROR(FIND("-",$B20,K20+1),"") | M20: =IFERROR(FIND("-",$B20,L20+1),"") | O20: EDUPL-EC-CTPL | P20: EDUPL-EC-CTPL
A21: =COUNTIF(G21:M21,">1")+1 -> 2 | B21: ACT-ACPPTM | G21: =IFERROR(FIND("-",$B21,1),"") -> 4 | H21: =IFERROR(FIND("-",$B21,G21+1),"") | I21: =IFERROR(FIND("-",$B21,H21+1),"") | J21: =IFERROR(FIND("-",$B21,I21+1),"") | K21: =IFERROR(FIND("-",$B21,J21+1),"") | L21: =IFERROR(FIND("-",$B21,K21+1),"") | M21: =IFERROR(FIND("-",$B21,L21+1),"") | O21: PL-CTPL | P21: SCA-PL-CPRS
A22: =COUNTIF(G22:M22,">1")+1 -> 2 | B22: ACT-ACT | C22: CT | D22: CPRS | G22: =IFERROR(FIND("-",$B22,1),"") -> 4 | H22: =IFERROR(FIND("-",$B22,G22+1),"") | I22: =IFERROR(FIND("-",$B22,H22+1),"") | J22: =IFERROR(FIND("-",$B22,I22+1),"") | K22: =IFERROR(FIND("-",$B22,J22+1),"") | L22: =IFERROR(FIND("-",$B22,K22+1),"") | M22: =IFERROR(FIND("-",$B22,L22+1),"") | O22: PL-EC-CTPL | P22: SCA-PL-3_EDUPL-EC-CPRS
A23: =COUNTIF(G23:M23,">1")+1 -> 2 | B23: ACT-ASNAT | G23: =IFERROR(FIND("-",$B23,1),"") -> 4 | H23: =IFERROR(FIND("-",$B23,G23+1),"") | I23: =IFERROR(FIND("-",$B23,H23+1),"") | J23: =IFERROR(FIND("-",$B23,I23+1),"") | K23: =IFERROR(FIND("-",$B23,J23+1),"") | L23: =IFERROR(FIND("-",$B23,K23+1),"") | M23: =IFERROR(FIND("-",$B23,L23+1),"") | O23: PL-EC-CTPL | P23: SCA-PL-2_EDUPL-EC-CPRS
A24: =COUNTIF(G24:M24,">1")+1 -> 2 | B24: AEC-ACPPTM | E24: Une drôle de séquence EC vers une CPPTM ? | G24: =IFERROR(FIND("-",$B24,1),"") -> 4 | H24: =IFERROR(FIND("-",$B24,G24+1),"") | I24: =IFERROR(FIND("-",$B24,H24+1),"") | J24: =IFERROR(FIND("-",$B24,I24+1),"") | K24: =IFERROR(FIND("-",$B24,J24+1),"") | L24: =IFERROR(FIND("-",$B24,K24+1),"") | M24: =IFERROR(FIND("-",$B24,L24+1),"") | O24: REG-CT | P24: SCA-REG-2_EDUNAT-CPRS
A25: =COUNTIF(G25:M25,">1")+1 -> 2 | B25: AEC-ACT | C25: EC-CT | D25: EC-CPRS | G25: =IFERROR(FIND("-",$B25,1),"") -> 4 | H25: =IFERROR(FIND("-",$B25,G25+1),"") | I25: =IFERROR(FIND("-",$B25,H25+1),"") | J25: =IFERROR(FIND("-",$B25,I25+1),"") | K25: =IFERROR(FIND("-",$B25,J25+1),"") | L25: =IFERROR(FIND("-",$B25,K25+1),"") | M25: =IFERROR(FIND("-",$B25,L25+1),"") | O25: REG-CT | P25: SCA-REG-3_EDUNAT-CPRS
A26: =COUNTIF(G26:M26,">1")+1 -> 2 | B26: AEC-APL | E26: ??? Devrait avoir une action finale avant la apl | G26: =IFERROR(FIND("-",$B26,1),"") -> 4 | H26: =IFERROR(FIND("-",$B26,G26+1),"") | I26: =IFERROR(FIND("-",$B26,H26+1),"") | J26: =IFERROR(FIND("-",$B26,I26+1),"") | K26: =IFERROR(FIND("-",$B26,J26+1),"") | L26: =IFERROR(FIND("-",$B26,K26+1),"") | M26: =IFERROR(FIND("-",$B26,L26+1),"") | O26: Snat | P26: SNAT
A27: =COUNTIF(G27:M27,">1")+1 -> 2 | B27: AEC-AREG | G27: =IFERROR(FIND("-",$B27,1),"") -> 4 | H27: =IFERROR(FIND("-",$B27,G27+1),"") | I27: =IFERROR(FIND("-",$B27,H27+1),"") | J27: =IFERROR(FIND("-",$B27,I27+1),"") | K27: =IFERROR(FIND("-",$B27,J27+1),"") | L27: =IFERROR(FIND("-",$B27,K27+1),"") | M27: =IFERROR(FIND("-",$B27,L27+1),"")
A28: =COUNTIF(G28:M28,">1")+1 -> 2 | B28: APL-ACPPTM | E28: EC optionnel ? Cause ceci ? | G28: =IFERROR(FIND("-",$B28,1),"") -> 4 | H28: =IFERROR(FIND("-",$B28,G28+1),"") | I28: =IFERROR(FIND("-",$B28,H28+1),"") | J28: =IFERROR(FIND("-",$B28,I28+1),"") | K28: =IFERROR(FIND("-",$B28,J28+1),"") | L28: =IFERROR(FIND("-",$B28,K28+1),"") | M28: =IFERROR(FIND("-",$B28,L28+1),"")
A29: =COUNTIF(G29:M29,">1")+1 -> 2 | B29: APL-ACT | C29: PL-CTPL | D29: SCA-PL-CPRS | E29: CTPL ???? | G29: =IFERROR(FIND("-",$B29,1),"") -> 4 | H29: =IFERROR(FIND("-",$B29,G29+1),"") | I29: =IFERROR(FIND("-",$B29,H29+1),"") | J29: =IFERROR(FIND("-",$B29,I29+1),"") | K29: =IFERROR(FIND("-",$B29,J29+1),"") | L29: =IFERROR(FIND("-",$B29,K29+1),"") | M29: =IFERROR(FIND("-",$B29,L29+1),"")
A30: =COUNTIF(G30:M30,">1")+1 -> 2 | B30: APL-AEC | C30: PL-EC-CTPL | D30: SCA-PL-3_EDUPL-EC-CPRS | E30: tronquée ??? Pourquoi pas de CTPL | G30: =IFERROR(FIND("-",$B30,1),"") -> 4 | H30: =IFERROR(FIND("-",$B30,G30+1),"") | I30: =IFERROR(FIND("-",$B30,H30+1),"") | J30: =IFERROR(FIND("-",$B30,I30+1),"") | K30: =IFERROR(FIND("-",$B30,J30+1),"") | L30: =IFERROR(FIND("-",$B30,K30+1),"") | M30: =IFERROR(FIND("-",$B30,L30+1),"")
D31: SCA-PL-2_EDUPL-EC-CPRS | E31: tronquée ??? Pourquoi pas de CTPL
A32: =COUNTIF(G32:M32,">1")+1 -> 2 | B32: APL-APL | E32: ??? Devrait avoir une action finale avant la apl | G32: =IFERROR(FIND("-",$B32,1),"") -> 4 | H32: =IFERROR(FIND("-",$B32,G32+1),"") | I32: =IFERROR(FIND("-",$B32,H32+1),"") | J32: =IFERROR(FIND("-",$B32,I32+1),"") | K32: =IFERROR(FIND("-",$B32,J32+1),"") | L32: =IFERROR(FIND("-",$B32,K32+1),"") | M32: =IFERROR(FIND("-",$B32,L32+1),"")
A33: =COUNTIF(G33:M33,">1")+1 -> 2 | B33: APL-AREG | E33: ??? Devrait avoir une action finale avant la apl | G33: =IFERROR(FIND("-",$B33,1),"") -> 4 | H33: =IFERROR(FIND("-",$B33,G33+1),"") | I33: =IFERROR(FIND("-",$B33,H33+1),"") | J33: =IFERROR(FIND("-",$B33,I33+1),"") | K33: =IFERROR(FIND("-",$B33,J33+1),"") | L33: =IFERROR(FIND("-",$B33,K33+1),"") | M33: =IFERROR(FIND("-",$B33,L33+1),"")
A34: =COUNTIF(G34:M34,">1")+1 -> 2 | B34: AREG-ACT | E34: Tronquée | G34: =IFERROR(FIND("-",$B34,1),"") -> 5 | H34: =IFERROR(FIND("-",$B34,G34+1),"") | I34: =IFERROR(FIND("-",$B34,H34+1),"") | J34: =IFERROR(FIND("-",$B34,I34+1),"") | K34: =IFERROR(FIND("-",$B34,J34+1),"") | L34: =IFERROR(FIND("-",$B34,K34+1),"") | M34: =IFERROR(FIND("-",$B34,L34+1),"")
A35: =COUNTIF(G35:M35,">1")+1 -> 2 | B35: ASNAT-ACT | G35: =IFERROR(FIND("-",$B35,1),"") -> 6 | H35: =IFERROR(FIND("-",$B35,G35+1),"") | I35: =IFERROR(FIND("-",$B35,H35+1),"") | J35: =IFERROR(FIND("-",$B35,I35+1),"") | K35: =IFERROR(FIND("-",$B35,J35+1),"") | L35: =IFERROR(FIND("-",$B35,K35+1),"") | M35: =IFERROR(FIND("-",$B35,L35+1),"")
A36: =COUNTIF(G36:M36,">1")+1 -> 2 | B36: ASNAT-ASNAT | E36: Je crois que c'est pas possible ??? | G36: =IFERROR(FIND("-",$B36,1),"") -> 6 | H36: =IFERROR(FIND("-",$B36,G36+1),"") | I36: =IFERROR(FIND("-",$B36,H36+1),"") | J36: =IFERROR(FIND("-",$B36,I36+1),"") | K36: =IFERROR(FIND("-",$B36,J36+1),"") | L36: =IFERROR(FIND("-",$B36,K36+1),"") | M36: =IFERROR(FIND("-",$B36,L36+1),"")
A37: =COUNTIF(G37:M37,">1")+1 -> 3 | B37: ACPFAIBL-ACPFAIBL-ACPFAIBL | E37: Répétitif ? | G37: =IFERROR(FIND("-",$B37,1),"") -> 9 | H37: =IFERROR(FIND("-",$B37,G37+1),"") -> 18 | I37: =IFERROR(FIND("-",$B37,H37+1),"") | J37: =IFERROR(FIND("-",$B37,I37+1),"") | K37: =IFERROR(FIND("-",$B37,J37+1),"") | L37: =IFERROR(FIND("-",$B37,K37+1),"") | M37: =IFERROR(FIND("-",$B37,L37+1),"")
A38: =COUNTIF(G38:M38,">1")+1 -> 3 | B38: ACPFORT-ACRV-ACPFORT | G38: =IFERROR(FIND("-",$B38,1),"") -> 8 | H38: =IFERROR(FIND("-",$B38,G38+1),"") -> 13 | I38: =IFERROR(FIND("-",$B38,H38+1),"") | J38: =IFERROR(FIND("-",$B38,I38+1),"") | K38: =IFERROR(FIND("-",$B38,J38+1),"") | L38: =IFERROR(FIND("-",$B38,K38+1),"") | M38: =IFERROR(FIND("-",$B38,L38+1),"")
A39: =COUNTIF(G39:M39,">1")+1 -> 3 | B39: ACPFORT-ACRV-ACT | G39: =IFERROR(FIND("-",$B39,1),"") -> 8 | H39: =IFERROR(FIND("-",$B39,G39+1),"") -> 13 | I39: =IFERROR(FIND("-",$B39,H39+1),"") | J39: =IFERROR(FIND("-",$B39,I39+1),"") | K39: =IFERROR(FIND("-",$B39,J39+1),"") | L39: =IFERROR(FIND("-",$B39,K39+1),"") | M39: =IFERROR(FIND("-",$B39,L39+1),"")
A40: =COUNTIF(G40:M40,">1")+1 -> 3 | B40: ACPIL-ACRV-ACPFORT | G40: =IFERROR(FIND("-",$B40,1),"") -> 6 | H40: =IFERROR(FIND("-",$B40,G40+1),"") -> 11 | I40: =IFERROR(FIND("-",$B40,H40+1),"") | J40: =IFERROR(FIND("-",$B40,I40+1),"") | K40: =IFERROR(FIND("-",$B40,J40+1),"") | L40: =IFERROR(FIND("-",$B40,K40+1),"") | M40: =IFERROR(FIND("-",$B40,L40+1),"")
A41: =COUNTIF(G41:M41,">1")+1 -> 3 | B41: ACPIL-ACRV-ACPIL | G41: =IFERROR(FIND("-",$B41,1),"") -> 6 | H41: =IFERROR(FIND("-",$B41,G41+1),"") -> 11 | I41: =IFERROR(FIND("-",$B41,H41+1),"") | J41: =IFERROR(FIND("-",$B41,I41+1),"") | K41: =IFERROR(FIND("-",$B41,J41+1),"") | L41: =IFERROR(FIND("-",$B41,K41+1),"") | M41: =IFERROR(FIND("-",$B41,L41+1),"")
A42: =COUNTIF(G42:M42,">1")+1 -> 3 | B42: ACPIL-ACRV-ACRS | G42: =IFERROR(FIND("-",$B42,1),"") -> 6 | H42: =IFERROR(FIND("-",$B42,G42+1),"") -> 11 | I42: =IFERROR(FIND("-",$B42,H42+1),"") | J42: =IFERROR(FIND("-",$B42,I42+1),"") | K42: =IFERROR(FIND("-",$B42,J42+1),"") | L42: =IFERROR(FIND("-",$B42,K42+1),"") | M42: =IFERROR(FIND("-",$B42,L42+1),"")
A43: =COUNTIF(G43:M43,">1")+1 -> 3 | B43: ACPIP-ACPIP-ACPIP | G43: =IFERROR(FIND("-",$B43,1),"") -> 6 | H43: =IFERROR(FIND("-",$B43,G43+1),"") -> 12 | I43: =IFERROR(FIND("-",$B43,H43+1),"") | J43: =IFERROR(FIND("-",$B43,I43+1),"") | K43: =IFERROR(FIND("-",$B43,J43+1),"") | L43: =IFERROR(FIND("-",$B43,K43+1),"") | M43: =IFERROR(FIND("-",$B43,L43+1),"")
A44: =COUNTIF(G44:M44,">1")+1 -> 3 | B44: ACPPTM-ACPPTM-ACPPTM | G44: =IFERROR(FIND("-",$B44,1),"") -> 7 | H44: =IFERROR(FIND("-",$B44,G44+1),"") -> 14 | I44: =IFERROR(FIND("-",$B44,H44+1),"") | J44: =IFERROR(FIND("-",$B44,I44+1),"") | K44: =IFERROR(FIND("-",$B44,J44+1),"") | L44: =IFERROR(FIND("-",$B44,K44+1),"") | M44: =IFERROR(FIND("-",$B44,L44+1),"")
A45: =COUNTIF(G45:M45,">1")+1 -> 3 | B45: ACPPTM-ACPPTM-ACT | G45: =IFERROR(FIND("-",$B45,1),"") -> 7 | H45: =IFERROR(FIND("-",$B45,G45+1),"") -> 14 | I45: =IFERROR(FIND("-",$B45,H45+1),"") | J45: =IFERROR(FIND("-",$B45,I45+1),"") | K45: =IFERROR(FIND("-",$B45,J45+1),"") | L45: =IFERROR(FIND("-",$B45,K45+1),"") | M45: =IFERROR(FIND("-",$B45,L45+1),"")
A46: =COUNTIF(G46:M46,">1")+1 -> 3 | B46: ACPPTM-ACT-ACPPTM | G46: =IFERROR(FIND("-",$B46,1),"") -> 7 | H46: =IFERROR(FIND("-",$B46,G46+1),"") -> 11 | I46: =IFERROR(FIND("-",$B46,H46+1),"") | J46: =IFERROR(FIND("-",$B46,I46+1),"") | K46: =IFERROR(FIND("-",$B46,J46+1),"") | L46: =IFERROR(FIND("-",$B46,K46+1),"") | M46: =IFERROR(FIND("-",$B46,L46+1),"")
A47: =COUNTIF(G47:M47,">1")+1 -> 3 | B47: ACPPTM-ACT-ACT | G47: =IFERROR(FIND("-",$B47,1),"") -> 7 | H47: =IFERROR(FIND("-",$B47,G47+1),"") -> 11 | I47: =IFERROR(FIND("-",$B47,H47+1),"") | J47: =IFERROR(FIND("-",$B47,I47+1),"") | K47: =IFERROR(FIND("-",$B47,J47+1),"") | L47: =IFERROR(FIND("-",$B47,K47+1),"") | M47: =IFERROR(FIND("-",$B47,L47+1),"")
A48: =COUNTIF(G48:M48,">1")+1 -> 3 | B48: ACPPTM-ACT-APL | G48: =IFERROR(FIND("-",$B48,1),"") -> 7 | H48: =IFERROR(FIND("-",$B48,G48+1),"") -> 11 | I48: =IFERROR(FIND("-",$B48,H48+1),"") | J48: =IFERROR(FIND("-",$B48,I48+1),"") | K48: =IFERROR(FIND("-",$B48,J48+1),"") | L48: =IFERROR(FIND("-",$B48,K48+1),"") | M48: =IFERROR(FIND("-",$B48,L48+1),"")
A49: =COUNTIF(G49:M49,">1")+1 -> 3 | B49: ACRS-ACPIL-ACRV | G49: =IFERROR(FIND("-",$B49,1),"") -> 5 | H49: =IFERROR(FIND("-",$B49,G49+1),"") -> 11 | I49: =IFERROR(FIND("-",$B49,H49+1),"") | J49: =IFERROR(FIND("-",$B49,I49+1),"") | K49: =IFERROR(FIND("-",$B49,J49+1),"") | L49: =IFERROR(FIND("-",$B49,K49+1),"") | M49: =IFERROR(FIND("-",$B49,L49+1),"")
... A65: =COUNTIF(G65:M65,">1")+1 -> 3 | B65: ACT-ACT-AREG | G65: =IFERROR(FIND("-",$B65,1),"") -> 4 | H65: =IFERROR(FIND("-",$B65,G65+1),"") -> 8 | I65: =IFERROR(FIND("-",$B65,H65+1),"") | J65: =IFERROR(FIND("-",$B65,I65+1),"") | K65: =IFERROR(FIND("-",$B65,J65+1),"") | L65: =IFERROR(FIND("-",$B65,K65+1),"") | M65: =IFERROR(FIND("-",$B65,L65+1),"")
A66: =COUNTIF(G66:M66,">1")+1 -> 3 | B66: ACT-APL-ACPPTM | E66: assez curieux, changement de régime ??? | G66: =IFERROR(FIND("-",$B66,1),"") -> 4 | H66: =IFERROR(FIND("-",$B66,G66+1),"") -> 8 | I66: =IFERROR(FIND("-",$B66,H66+1),"") | J66: =IFERROR(FIND("-",$B66,I66+1),"") | K66: =IFERROR(FIND("-",$B66,J66+1),"") | L66: =IFERROR(FIND("-",$B66,K66+1),"") | M66: =IFERROR(FIND("-",$B66,L66+1),"")
A67: =COUNTIF(G67:M67,">1")+1 -> 3 | B67: ACT-APL-ACT | G67: =IFERROR(FIND("-",$B67,1),"") -> 4 | H67: =IFERROR(FIND("-",$B67,G67+1),"") -> 8 | I67: =IFERROR(FIND("-",$B67,H67+1),"") | J67: =IFERROR(FIND("-",$B67,I67+1),"") | K67: =IFERROR(FIND("-",$B67,J67+1),"") | L67: =IFERROR(FIND("-",$B67,K67+1),"") | M67: =IFERROR(FIND("-",$B67,L67+1),"")
A68: =COUNTIF(G68:M68,">1")+1 -> 3 | B68: ACT-APL-AEC | G68: =IFERROR(FIND("-",$B68,1),"") -> 4 | H68: =IFERROR(FIND("-",$B68,G68+1),"") -> 8 | I68: =IFERROR(FIND("-",$B68,H68+1),"") | J68: =IFERROR(FIND("-",$B68,I68+1),"") | K68: =IFERROR(FIND("-",$B68,J68+1),"") | L68: =IFERROR(FIND("-",$B68,K68+1),"") | M68: =IFERROR(FIND("-",$B68,L68+1),"")
A69: =COUNTIF(G69:M69,">1")+1 -> 3 | B69: ACT-APL-APL | E69: 2 actions de PL de suite ??? | G69: =IFERROR(FIND("-",$B69,1),"") -> 4 | H69: =IFERROR(FIND("-",$B69,G69+1),"") -> 8 | I69: =IFERROR(FIND("-",$B69,H69+1),"") | J69: =IFERROR(FIND("-",$B69,I69+1),"") | K69: =IFERROR(FIND("-",$B69,J69+1),"") | L69: =IFERROR(FIND("-",$B69,K69+1),"") | M69: =IFERROR(FIND("-",$B69,L69+1),"")
A70: =COUNTIF(G70:M70,">1")+1 -> 3 | B70: ACT-APL-AREG | E70: 2 actions de PL de suite ??? | G70: =IFERROR(FIND("-",$B70,1),"") -> 4 | H70: =IFERROR(FIND("-",$B70,G70+1),"") -> 8 | I70: =IFERROR(FIND("-",$B70,H70+1),"") | J70: =IFERROR(FIND("-",$B70,I70+1),"") | K70: =IFERROR(FIND("-",$B70,J70+1),"") | L70: =IFERROR(FIND("-",$B70,K70+1),"") | M70: =IFERROR(FIND("-",$B70,L70+1),"")
A71: =COUNTIF(G71:M71,">1")+1 -> 3 | B71: ACT-AREG-ACT | G71: =IFERROR(FIND("-",$B71,1),"") -> 4 | H71: =IFERROR(FIND("-",$B71,G71+1),"") -> 9 | I71: =IFERROR(FIND("-",$B71,H71+1),"") | J71: =IFERROR(FIND("-",$B71,I71+1),"") | K71: =IFERROR(FIND("-",$B71,J71+1),"") | L71: =IFERROR(FIND("-",$B71,K71+1),"") | M71: =IFERROR(FIND("-",$B71,L71+1),"")
A72: =COUNTIF(G72:M72,">1")+1 -> 3 | B72: ACT-ASNAT-ACT | G72: =IFERROR(FIND("-",$B72,1),"") -> 4 | H72: =IFERROR(FIND("-",$B72,G72+1),"") -> 10 | I72: =IFERROR(FIND("-",$B72,H72+1),"") | J72: =IFERROR(FIND("-",$B72,I72+1),"") | K72: =IFERROR(FIND("-",$B72,J72+1),"") | L72: =IFERROR(FIND("-",$B72,K72+1),"") | M72: =IFERROR(FIND("-",$B72,L72+1),"")
A73: =COUNTIF(G73:M73,">1")+1 -> 3 | B73: AEC-ACT-ACT | G73: =IFERROR(FIND("-",$B73,1),"") -> 4 | H73: =IFERROR(FIND("-",$B73,G73+1),"") -> 8 | I73: =IFERROR(FIND("-",$B73,H73+1),"") | J73: =IFERROR(FIND("-",$B73,I73+1),"") | K73: =IFERROR(FIND("-",$B73,J73+1),"") | L73: =IFERROR(FIND("-",$B73,K73+1),"") | M73: =IFERROR(FIND("-",$B73,L73+1),"")
A74: =COUNTIF(G74:M74,">1")+1 -> 3 | B74: AEC-ACT-APL | G74: =IFERROR(FIND("-",$B74,1),"") -> 4 | H74: =IFERROR(FIND("-",$B74,G74+1),"") -> 8 | I74: =IFERROR(FIND("-",$B74,H74+1),"") | J74: =IFERROR(FIND("-",$B74,I74+1),"") | K74: =IFERROR(FIND("-",$B74,J74+1),"") | L74: =IFERROR(FIND("-",$B74,K74+1),"") | M74: =IFERROR(FIND("-",$B74,L74+1),"")
A75: =COUNTIF(G75:M75,">1")+1 -> 3 | B75: AEC-ACT-AREG | G75: =IFERROR(FIND("-",$B75,1),"") -> 4 | H75: =IFERROR(FIND("-",$B75,G75+1),"") -> 8 | I75: =IFERROR(FIND("-",$B75,H75+1),"") | J75: =IFERROR(FIND("-",$B75,I75+1),"") | K75: =IFERROR(FIND("-",$B75,J75+1),"") | L75: =IFERROR(FIND("-",$B75,K75+1),"") | M75: =IFERROR(FIND("-",$B75,L75+1),"")
A76: =COUNTIF(G76:M76,">1")+1 -> 3 | B76: AEC-APL-AEC | E76: ??? Devrait avoir une action finale avant la apl | G76: =IFERROR(FIND("-",$B76,1),"") -> 4 | H76: =IFERROR(FIND("-",$B76,G76+1),"") -> 8 | I76: =IFERROR(FIND("-",$B76,H76+1),"") | J76: =IFERROR(FIND("-",$B76,I76+1),"") | K76: =IFERROR(FIND("-",$B76,J76+1),"") | L76: =IFERROR(FIND("-",$B76,K76+1),"") | M76: =IFERROR(FIND("-",$B76,L76+1),"")
A77: =COUNTIF(G77:M77,">1")+1 -> 3 | B77: AEC-APL-APL | E77: ??? Devrait avoir une action finale avant la apl | G77: =IFERROR(FIND("-",$B77,1),"") -> 4 | H77: =IFERROR(FIND("-",$B77,G77+1),"") -> 8 | I77: =IFERROR(FIND("-",$B77,H77+1),"") | J77: =IFERROR(FIND("-",$B77,I77+1),"") | K77: =IFERROR(FIND("-",$B77,J77+1),"") | L77: =IFERROR(FIND("-",$B77,K77+1),"") | M77: =IFERROR(FIND("-",$B77,L77+1),"")
A78: =COUNTIF(G78:M78,">1")+1 -> 3 | B78: AEC-APL-AREG | E78: ??? Devrait avoir une action finale avant la apl | G78: =IFERROR(FIND("-",$B78,1),"") -> 4 | H78: =IFERROR(FIND("-",$B78,G78+1),"") -> 8 | I78: =IFERROR(FIND("-",$B78,H78+1),"") | J78: =IFERROR(FIND("-",$B78,I78+1),"") | K78: =IFERROR(FIND("-",$B78,J78+1),"") | L78: =IFERROR(FIND("-",$B78,K78+1),"") | M78: =IFERROR(FIND("-",$B78,L78+1),"")
A79: =COUNTIF(G79:M79,">1")+1 -> 3 | B79: AEC-AREG-ACT | E79: ??? Devrait avoir une action finale avant la apl | G79: =IFERROR(FIND("-",$B79,1),"") -> 4 | H79: =IFERROR(FIND("-",$B79,G79+1),"") -> 9 | I79: =IFERROR(FIND("-",$B79,H79+1),"") | J79: =IFERROR(FIND("-",$B79,I79+1),"") | K79: =IFERROR(FIND("-",$B79,J79+1),"") | L79: =IFERROR(FIND("-",$B79,K79+1),"") | M79: =IFERROR(FIND("-",$B79,L79+1),"")
A80: =COUNTIF(G80:M80,">1")+1 -> 3 | B80: APL-ACT-APL | G80: =IFERROR(FIND("-",$B80,1),"") -> 4 | H80: =IFERROR(FIND("-",$B80,G80+1),"") -> 8 | I80: =IFERROR(FIND("-",$B80,H80+1),"") | J80: =IFERROR(FIND("-",$B80,I80+1),"") | K80: =IFERROR(FIND("-",$B80,J80+1),"") | L80: =IFERROR(FIND("-",$B80,K80+1),"") | M80: =IFERROR(FIND("-",$B80,L80+1),"")
A81: =COUNTIF(G81:M81,">1")+1 -> 3 | B81: APL-ACT-AREG | G81: =IFERROR(FIND("-",$B81,1),"") -> 4 | H81: =IFERROR(FIND("-",$B81,G81+1),"") -> 8 | I81: =IFERROR(FIND("-",$B81,H81+1),"") | J81: =IFERROR(FIND("-",$B81,I81+1),"") | K81: =IFERROR(FIND("-",$B81,J81+1),"") | L81: =IFERROR(FIND("-",$B81,K81+1),"") | M81: =IFERROR(FIND("-",$B81,L81+1),"")
A82: =COUNTIF(G82:M82,">1")+1 -> 3 | B82: APL-AEC-ACPPTM | E82: assez curieux, changement de régime ??? | G82: =IFERROR(FIND("-",$B82,1),"") -> 4 | H82: =IFERROR(FIND("-",$B82,G82+1),"") -> 8 | I82: =IFERROR(FIND("-",$B82,H82+1),"") | J82: =IFERROR(FIND("-",$B82,I82+1),"") | K82: =IFERROR(FIND("-",$B82,J82+1),"") | L82: =IFERROR(FIND("-",$B82,K82+1),"") | M82: =IFERROR(FIND("-",$B82,L82+1),"")
A83: =COUNTIF(G83:M83,">1")+1 -> 3 | B83: APL-AEC-ACT | G83: =IFERROR(FIND("-",$B83,1),"") -> 4 | H83: =IFERROR(FIND("-",$B83,G83+1),"") -> 8 | I83: =IFERROR(FIND("-",$B83,H83+1),"") | J83: =IFERROR(FIND("-",$B83,I83+1),"") | K83: =IFERROR(FIND("-",$B83,J83+1),"") | L83: =IFERROR(FIND("-",$B83,K83+1),"") | M83: =IFERROR(FIND("-",$B83,L83+1),"")
A84: =COUNTIF(G84:M84,">1")+1 -> 3 | B84: APL-AEC-APL | G84: =IFERROR(FIND("-",$B84,1),"") -> 4 | H84: =IFERROR(FIND("-",$B84,G84+1),"") -> 8 | I84: =IFERROR(FIND("-",$B84,H84+1),"") | J84: =IFERROR(FIND("-",$B84,I84+1),"") | K84: =IFERROR(FIND("-",$B84,J84+1),"") | L84: =IFERROR(FIND("-",$B84,K84+1),"") | M84: =IFERROR(FIND("-",$B84,L84+1),"")
A85: =COUNTIF(G85:M85,">1")+1 -> 3 | B85: APL-AEC-AREG | E85: ??? Devrait avoir une action finale avant la regarni | G85: =IFERROR(FIND("-",$B85,1),"") -> 4 | H85: =IFERROR(FIND("-",$B85,G85+1),"") -> 8 | I85: =IFERROR(FIND("-",$B85,H85+1),"") | J85: =IFERROR(FIND("-",$B85,I85+1),"") | K85: =IFERROR(FIND("-",$B85,J85+1),"") | L85: =IFERROR(FIND("-",$B85,K85+1),"") | M85: =IFERROR(FIND("-",$B85,L85+1),"")
A86: =COUNTIF(G86:M86,">1")+1 -> 3 | B86: APL-APL-AEC | E86: 2 actions de PL de suite ??? | G86: =IFERROR(FIND("-",$B86,1),"") -> 4 | H86: =IFERROR(FIND("-",$B86,G86+1),"") -> 8 | I86: =IFERROR(FIND("-",$B86,H86+1),"") | J86: =IFERROR(FIND("-",$B86,I86+1),"") | K86: =IFERROR(FIND("-",$B86,J86+1),"") | L86: =IFERROR(FIND("-",$B86,K86+1),"") | M86: =IFERROR(FIND("-",$B86,L86+1),"")
A87: =COUNTIF(G87:M87,">1")+1 -> 3 | B87: APL-APL-APL | E87: 2 actions de PL de suite ??? | G87: =IFERROR(FIND("-",$B87,1),"") -> 4 | H87: =IFERROR(FIND("-",$B87,G87+1),"") -> 8 | I87: =IFERROR(FIND("-",$B87,H87+1),"") | J87: =IFERROR(FIND("-",$B87,I87+1),"") | K87: =IFERROR(FIND("-",$B87,J87+1),"") | L87: =IFERROR(FIND("-",$B87,K87+1),"") | M87: =IFERROR(FIND("-",$B87,L87+1),"")
A88: =COUNTIF(G88:M88,">1")+1 -> 3 | B88: APL-APL-AREG | E88: 2 actions de PL de suite ??? | G88: =IFERROR(FIND("-",$B88,1),"") -> 4 | H88: =IFERROR(FIND("-",$B88,G88+1),"") -> 8 | I88: =IFERROR(FIND("-",$B88,H88+1),"") | J88: =IFERROR(FIND("-",$B88,I88+1),"") | K88: =IFERROR(FIND("-",$B88,J88+1),"") | L88: =IFERROR(FIND("-",$B88,K88+1),"") | M88: =IFERROR(FIND("-",$B88,L88+1),"")
A89: =COUNTIF(G89:M89,">1")+1 -> 3 | B89: APL-AREG-ACT | G89: =IFERROR(FIND("-",$B89,1),"") -> 4 | H89: =IFERROR(FIND("-",$B89,G89+1),"") -> 9 | I89: =IFERROR(FIND("-",$B89,H89+1),"") | J89: =IFERROR(FIND("-",$B89,I89+1),"") | K89: =IFERROR(FIND("-",$B89,J89+1),"") | L89: =IFERROR(FIND("-",$B89,K89+1),"") | M89: =IFERROR(FIND("-",$B89,L89+1),"")
A90: =COUNTIF(G90:M90,">1")+1 -> 3 | B90: AREG-ACT-ACPFORT | G90: =IFERROR(FIND("-",$B90,1),"") -> 5 | H90: =IFERROR(FIND("-",$B90,G90+1),"") -> 9 | I90: =IFERROR(FIND("-",$B90,H90+1),"") | J90: =IFERROR(FIND("-",$B90,I90+1),"") | K90: =IFERROR(FIND("-",$B90,J90+1),"") | L90: =IFERROR(FIND("-",$B90,K90+1),"") | M90: =IFERROR(FIND("-",$B90,L90+1),"")
A91: =COUNTIF(G91:M91,">1")+1 -> 3 | B91: AREG-ACT-ACT | G91: =IFERROR(FIND("-",$B91,1),"") -> 5 | H91: =IFERROR(FIND("-",$B91,G91+1),"") -> 9 | I91: =IFERROR(FIND("-",$B91,H91+1),"") | J91: =IFERROR(FIND("-",$B91,I91+1),"") | K91: =IFERROR(FIND("-",$B91,J91+1),"") | L91: =IFERROR(FIND("-",$B91,K91+1),"") | M91: =IFERROR(FIND("-",$B91,L91+1),"")
A92: =COUNTIF(G92:M92,">1")+1 -> 3 | B92: AREG-ACT-APL | G92: =IFERROR(FIND("-",$B92,1),"") -> 5 | H92: =IFERROR(FIND("-",$B92,G92+1),"") -> 9 | I92: =IFERROR(FIND("-",$B92,H92+1),"") | J92: =IFERROR(FIND("-",$B92,I92+1),"") | K92: =IFERROR(FIND("-",$B92,J92+1),"") | L92: =IFERROR(FIND("-",$B92,K92+1),"") | M92: =IFERROR(FIND("-",$B92,L92+1),"")
A93: =COUNTIF(G93:M93,">1")+1 -> 3 | B93: AREG-ACT-AREG | G93: =IFERROR(FIND("-",$B93,1),"") -> 5 | H93: =IFERROR(FIND("-",$B93,G93+1),"") -> 9 | I93: =IFERROR(FIND("-",$B93,H93+1),"") | J93: =IFERROR(FIND("-",$B93,I93+1),"") | K93: =IFERROR(FIND("-",$B93,J93+1),"") | L93: =IFERROR(FIND("-",$B93,K93+1),"") | M93: =IFERROR(FIND("-",$B93,L93+1),"")
A94: =COUNTIF(G94:M94,">1")+1 -> 3 | B94: ASNAT-ACT-ACT | G94: =IFERROR(FIND("-",$B94,1),"") -> 6 | H94: =IFERROR(FIND("-",$B94,G94+1),"") -> 10 | I94: =IFERROR(FIND("-",$B94,H94+1),"") | J94: =IFERROR(FIND("-",$B94,I94+1),"") | K94: =IFERROR(FIND("-",$B94,J94+1),"") | L94: =IFERROR(FIND("-",$B94,K94+1),"") | M94: =IFERROR(FIND("-",$B94,L94+1),"")
A95: =COUNTIF(G95:M95,">1")+1 -> 3 | B95: ASNAT-ACT-AREG | G95: =IFERROR(FIND("-",$B95,1),"") -> 6 | H95: =IFERROR(FIND("-",$B95,G95+1),"") -> 10 | I95: =IFERROR(FIND("-",$B95,H95+1),"") | J95: =IFERROR(FIND("-",$B95,I95+1),"") | K95: =IFERROR(FIND("-",$B95,J95+1),"") | L95: =IFERROR(FIND("-",$B95,K95+1),"") | M95: =IFERROR(FIND("-",$B95,L95+1),"")
A96: =COUNTIF(G96:M96,">1")+1 -> 3 | B96: ASNAT-ACT-ASNAT | G96: =IFERROR(FIND("-",$B96,1),"") -> 6 | H96: =IFERROR(FIND("-",$B96,G96+1),"") -> 10 | I96: =IFERROR(FIND("-",$B96,H96+1),"") | J96: =IFERROR(FIND("-",$B96,I96+1),"") | K96: =IFERROR(FIND("-",$B96,J96+1),"") | L96: =IFERROR(FIND("-",$B96,K96+1),"") | M96: =IFERROR(FIND("-",$B96,L96+1),"")
A97: =COUNTIF(G97:M97,">1")+1 -> 3 | B97: ASNAT-ASNAT-ACT | E97: J'imagine pas le délais avant la CT | G97: =IFERROR(FIND("-",$B97,1),"") -> 6 | H97: =IFERROR(FIND("-",$B97,G97+1),"") -> 12 | I97: =IFERROR(FIND("-",$B97,H97+1),"") | J97: =IFERROR(FIND("-",$B97,I97+1),"") | K97: =IFERROR(FIND("-",$B97,J97+1),"") | L97: =IFERROR(FIND("-",$B97,K97+1),"") | M97: =IFERROR(FIND("-",$B97,L97+1),"")
A98: =COUNTIF(G98:M98,">1")+1 -> 4 | B98: ACPFAIBL-ACPFAIBL-ACPFAIBL-ACPFAIBL | G98: =IFERROR(FIND("-",$B98,1),"") -> 9 | H98: =IFERROR(FIND("-",$B98,G98+1),"") -> 18 | I98: =IFERROR(FIND("-",$B98,H98+1),"") -> 27 | J98: =IFERROR(FIND("-",$B98,I98+1),"") | K98: =IFERROR(FIND("-",$B98,J98+1),"") | L98: =IFERROR(FIND("-",$B98,K98+1),"") | M98: =IFERROR(FIND("-",$B98,L98+1),"")
A99: =COUNTIF(G99:M99,">1")+1 -> 4 | B99: ACPFORT-ACRV-ACPFORT-ACRV | G99: =IFERROR(FIND("-",$B99,1),"") -> 8 | H99: =IFERROR(FIND("-",$B99,G99+1),"") -> 13 | I99: =IFERROR(FIND("-",$B99,H99+1),"") -> 21 | J99: =IFERROR(FIND("-",$B99,I99+1),"") | K99: =IFERROR(FIND("-",$B99,J99+1),"") | L99: =IFERROR(FIND("-",$B99,K99+1),"") | M99: =IFERROR(FIND("-",$B99,L99+1),"")
A100: =COUNTIF(G100:M100,">1")+1 -> 4 | B100: ACPFORT-ACRV-ACT-ACPFORT | G100: =IFERROR(FIND("-",$B100,1),"") -> 8 | H100: =IFERROR(FIND("-",$B100,G100+1),"") -> 13 | I100: =IFERROR(FIND("-",$B100,H100+1),"") -> 17 | J100: =IFERROR(FIND("-",$B100,I100+1),"") | K100: =IFERROR(FIND("-",$B100,J100+1),"") | L100: =IFERROR(FIND("-",$B100,K100+1),"") | M100: =IFERROR(FIND("-",$B100,L100+1),"")
A101: =COUNTIF(G101:M101,">1")+1 -> 4 | B101: ACPFORT-ACRV-ACT-ACPIL | G101: =IFERROR(FIND("-",$B101,1),"") -> 8 | H101: =IFERROR(FIND("-",$B101,G101+1),"") -> 13 | I101: =IFERROR(FIND("-",$B101,H101+1),"") -> 17 | J101: =IFERROR(FIND("-",$B101,I101+1),"") | K101: =IFERROR(FIND("-",$B101,J101+1),"") | L101: =IFERROR(FIND("-",$B101,K101+1),"") | M101: =IFERROR(FIND("-",$B101,L101+1),"")
A102: =COUNTIF(G102:M102,">1")+1 -> 4 | B102: ACPIL-ACRV-ACPFORT-ACRV | G102: =IFERROR(FIND("-",$B102,1),"") -> 6 | H102: =IFERROR(FIND("-",$B102,G102+1),"") -> 11 | I102: =IFERROR(FIND("-",$B102,H102+1),"") -> 19 | J102: =IFERROR(FIND("-",$B102,I102+1),"") | K102: =IFERROR(FIND("-",$B102,J102+1),"") | L102: =IFERROR(FIND("-",$B102,K102+1),"") | M102: =IFERROR(FIND("-",$B102,L102+1),"")
A103: =COUNTIF(G103:M103,">1")+1 -> 4 | B103: ACPIL-ACRV-ACPIL-ACRV | G103: =IFERROR(FIND("-",$B103,1),"") -> 6 | H103: =IFERROR(FIND("-",$B103,G103+1),"") -> 11 | I103: =IFERROR(FIND("-",$B103,H103+1),"") -> 17 | J103: =IFERROR(FIND("-",$B103,I103+1),"") | K103: =IFERROR(FIND("-",$B103,J103+1),"") | L103: =IFERROR(FIND("-",$B103,K103+1),"") | M103: =IFERROR(FIND("-",$B103,L103+1),"")
A104: =COUNTIF(G104:M104,">1")+1 -> 4 | B104: ACPIL-ACRV-ACRS-ACPIL | G104: =IFERROR(FIND("-",$B104,1),"") -> 6 | H104: =IFERROR(FIND("-",$B104,G104+1),"") -> 11 | I104: =IFERROR(FIND("-",$B104,H104+1),"") -> 16 | J104: =IFERROR(FIND("-",$B104,I104+1),"") | K104: =IFERROR(FIND("-",$B104,J104+1),"") | L104: =IFERROR(FIND("-",$B104,K104+1),"") | M104: =IFERROR(FIND("-",$B104,L104+1),"")
A105: =COUNTIF(G105:M105,">1")+1 -> 4 | B105: ACPIL-ACRV-ACRS-ACRS | G105: =IFERROR(FIND("-",$B105,1),"") -> 6 | H105: =IFERROR(FIND("-",$B105,G105+1),"") -> 11 | I105: =IFERROR(FIND("-",$B105,H105+1),"") -> 16 | J105: =IFERROR(FIND("-",$B105,I105+1),"") | K105: =IFERROR(FIND("-",$B105,J105+1),"") | L105: =IFERROR(FIND("-",$B105,K105+1),"") | M105: =IFERROR(FIND("-",$B105,L105+1),"")
A106: =COUNTIF(G106:M106,">1")+1 -> 4 | B106: ACPIP-ACPIP-ACPIP-ACPIP | G106: =IFERROR(FIND("-",$B106,1),"") -> 6 | H106: =IFERROR(FIND("-",$B106,G106+1),"") -> 12 | I106: =IFERROR(FIND("-",$B106,H106+1),"") -> 18 | J106: =IFERROR(FIND("-",$B106,I106+1),"") | K106: =IFERROR(FIND("-",$B106,J106+1),"") | L106: =IFERROR(FIND("-",$B106,K106+1),"") | M106: =IFERROR(FIND("-",$B106,L106+1),"")
A107: =COUNTIF(G107:M107,">1")+1 -> 4 | B107: ACPPTM-ACPPTM-ACPPTM-ACPPTM | G107: =IFERROR(FIND("-",$B107,1),"") -> 7 | H107: =IFERROR(FIND("-",$B107,G107+1),"") -> 14 | I107: =IFERROR(FIND("-",$B107,H107+1),"") -> 21 | J107: =IFERROR(FIND("-",$B107,I107+1),"") | K107: =IFERROR(FIND("-",$B107,J107+1),"") | L107: =IFERROR(FIND("-",$B107,K107+1),"") | M107: =IFERROR(FIND("-",$B107,L107+1),"")
A108: =COUNTIF(G108:M108,">1")+1 -> 4 | B108: ACPPTM-ACPPTM-ACPPTM-ACT | G108: =IFERROR(FIND("-",$B108,1),"") -> 7 | H108: =IFERROR(FIND("-",$B108,G108+1),"") -> 14 | I108: =IFERROR(FIND("-",$B108,H108+1),"") -> 21 | J108: =IFERROR(FIND("-",$B108,I108+1),"") | K108: =IFERROR(FIND("-",$B108,J108+1),"") | L108: =IFERROR(FIND("-",$B108,K108+1),"") | M108: =IFERROR(FIND("-",$B108,L108+1),"")
A109: =COUNTIF(G109:M109,">1")+1 -> 4 | B109: ACPPTM-ACPPTM-ACT-ACPPTM | G109: =IFERROR(FIND("-",$B109,1),"") -> 7 | H109: =IFERROR(FIND("-",$B109,G109+1),"") -> 14 | I109: =IFERROR(FIND("-",$B109,H109+1),"") -> 18 | J109: =IFERROR(FIND("-",$B109,I109+1),"") | K109: =IFERROR(FIND("-",$B109,J109+1),"") | L109: =IFERROR(FIND("-",$B109,K109+1),"") | M109: =IFERROR(FIND("-",$B109,L109+1),"")
... A129: =COUNTIF(G129:M129,">1")+1 -> 4 | B129: ACT-ACT-APL-AEC | G129: =IFERROR(FIND("-",$B129,1),"") -> 4 | H129: =IFERROR(FIND("-",$B129,G129+1),"") -> 8 | I129: =IFERROR(FIND("-",$B129,H129+1),"") -> 12 | J129: =IFERROR(FIND("-",$B129,I129+1),"") | K129: =IFERROR(FIND("-",$B129,J129+1),"") | L129: =IFERROR(FIND("-",$B129,K129+1),"") | M129: =IFERROR(FIND("-",$B129,L129+1),"")
A130: =COUNTIF(G130:M130,">1")+1 -> 4 | B130: ACT-ACT-APL-APL | E130: 2 CT et 2 PL c'Est bizzare | G130: =IFERROR(FIND("-",$B130,1),"") -> 4 | H130: =IFERROR(FIND("-",$B130,G130+1),"") -> 8 | I130: =IFERROR(FIND("-",$B130,H130+1),"") -> 12 | J130: =IFERROR(FIND("-",$B130,I130+1),"") | K130: =IFERROR(FIND("-",$B130,J130+1),"") | L130: =IFERROR(FIND("-",$B130,K130+1),"") | M130: =IFERROR(FIND("-",$B130,L130+1),"")
A131: =COUNTIF(G131:M131,">1")+1 -> 4 | B131: ACT-ACT-APL-AREG | G131: =IFERROR(FIND("-",$B131,1),"") -> 4 | H131: =IFERROR(FIND("-",$B131,G131+1),"") -> 8 | I131: =IFERROR(FIND("-",$B131,H131+1),"") -> 12 | J131: =IFERROR(FIND("-",$B131,I131+1),"") | K131: =IFERROR(FIND("-",$B131,J131+1),"") | L131: =IFERROR(FIND("-",$B131,K131+1),"") | M131: =IFERROR(FIND("-",$B131,L131+1),"")
A132: =COUNTIF(G132:M132,">1")+1 -> 4 | B132: ACT-ACT-AREG-ACT | G132: =IFERROR(FIND("-",$B132,1),"") -> 4 | H132: =IFERROR(FIND("-",$B132,G132+1),"") -> 8 | I132: =IFERROR(FIND("-",$B132,H132+1),"") -> 13 | J132: =IFERROR(FIND("-",$B132,I132+1),"") | K132: =IFERROR(FIND("-",$B132,J132+1),"") | L132: =IFERROR(FIND("-",$B132,K132+1),"") | M132: =IFERROR(FIND("-",$B132,L132+1),"")
A133: =COUNTIF(G133:M133,">1")+1 -> 4 | B133: ACT-APL-ACT-APL | G133: =IFERROR(FIND("-",$B133,1),"") -> 4 | H133: =IFERROR(FIND("-",$B133,G133+1),"") -> 8 | I133: =IFERROR(FIND("-",$B133,H133+1),"") -> 12 | J133: =IFERROR(FIND("-",$B133,I133+1),"") | K133: =IFERROR(FIND("-",$B133,J133+1),"") | L133: =IFERROR(FIND("-",$B133,K133+1),"") | M133: =IFERROR(FIND("-",$B133,L133+1),"")
A134: =COUNTIF(G134:M134,">1")+1 -> 4 | B134: ACT-APL-ACT-AREG | G134: =IFERROR(FIND("-",$B134,1),"") -> 4 | H134: =IFERROR(FIND("-",$B134,G134+1),"") -> 8 | I134: =IFERROR(FIND("-",$B134,H134+1),"") -> 12 | J134: =IFERROR(FIND("-",$B134,I134+1),"") | K134: =IFERROR(FIND("-",$B134,J134+1),"") | L134: =IFERROR(FIND("-",$B134,K134+1),"") | M134: =IFERROR(FIND("-",$B134,L134+1),"")
A135: =COUNTIF(G135:M135,">1")+1 -> 4 | B135: ACT-APL-AEC-ACPPTM | G135: =IFERROR(FIND("-",$B135,1),"") -> 4 | H135: =IFERROR(FIND("-",$B135,G135+1),"") -> 8 | I135: =IFERROR(FIND("-",$B135,H135+1),"") -> 12 | J135: =IFERROR(FIND("-",$B135,I135+1),"") | K135: =IFERROR(FIND("-",$B135,J135+1),"") | L135: =IFERROR(FIND("-",$B135,K135+1),"") | M135: =IFERROR(FIND("-",$B135,L135+1),"")
...

Sheet proposition
C1: on dirait que nous aurions besoin d'un tableau à 3 axes !!!! GS / SR/ durée
A3: proposition 1 | D3: séquence | F3: des cas fictifs | G3: dans la case le min et le max de période pour faire la séquence
B4: GS | C4: Description
B5: GSA001 | C5: EXCL NA NA 08C_NA_NA_NA_NA | F5: AEC-APL | G5: AEC-AREG | H5: APL-AEC | I5: ACRV-ACRS | J5: ACT-APL-AEC | K5: ACPIP-ACPIP | L5: ACPFAIBL-ACPFAIBL | M5: ACRV-ACT
B6: GSA002 | C6: EXCL NA NA 08S_NA_NA_NA_NA
B7: GSA003 | C7: EPC EPRX RFIM 08C_PG_NA_NA_NA | F7: 2 | 6
B8: GSA004 | C8: EPC PGRX RFIM 08C_NA_NA_NA_NA
B9: GSA005 | C9: EPC RXFX RFIM 08C_SB_NA_NA_NA
B10: GSA006 | C10: FT BJFX BJRMS 08C_NA_V3_NA_NA
B11: GSA007 | C11: FT FIFX BJRMS 08C_EO_V3_NA_NA
B12: GSA008 | C12: FT FIRX BJRMS 08C_BP_V3_NA_NA
B13: GSA009 | C13: FT FTFX BJRMS 08C_ES_V3_NA_NA
B14: GSA010 | C14: FT FTRX BJRMS 08C_BJ_V3_NA_NA
B15: GSA011 | C15: FT RXFX BJRMS 08C_PB_V3_NA_NA
B16: GSA012 | C16: FT ESFX ERSM 08C_BJ_V3_NA_NA
B17: GSA013 | C17: FT FTFX ERSM 08C_ES_V3_NA_NA
B18: GSA014 | C18: FT PB PINM 08C_NA_V3_NA_NA
A20: proposition 2 | C20: Groupe action Finale | E20: AEC-APL | F20: ACT-APL-AEC | G20: ACRV-ACT | J20: Groupe action partielle | M20: ACPIP-ACPIP | N20: ACPFAIBL-ACPFAIBL
B21: GS | C21: Description | I21: GS | J21: Description
B22: GSA001 | C22: EXCL NA NA 08C_NA_NA_NA_NA | E22: 2 | 6 | I22: GSA001 | J22: EXCL NA NA 08C_NA_NA_NA_NA | M22: 2 | 6
B23: GSA002 | C23: EXCL NA NA 08S_NA_NA_NA_NA | I23: GSA002 | J23: EXCL NA NA 08S_NA_NA_NA_NA
B24: GSA003 | C24: EPC EPRX RFIM 08C_PG_NA_NA_NA | I24: GSA003 | J24: EPC EPRX RFIM 08C_PG_NA_NA_NA
B25: GSA004 | C25: EPC PGRX RFIM 08C_NA_NA_NA_NA | I25: GSA004 | J25: EPC PGRX RFIM 08C_NA_NA_NA_NA
B26: GSA005 | C26: EPC RXFX RFIM 08C_SB_NA_NA_NA | I26: GSA005 | J26: EPC RXFX RFIM 08C_SB_NA_NA_NA
B27: GSA006 | C27: FT BJFX BJRMS 08C_NA_V3_NA_NA | I27: GSA006 | J27: FT BJFX BJRMS 08C_NA_V3_NA_NA
B28: GSA007 | C28: FT FIFX BJRMS 08C_EO_V3_NA_NA | I28: GSA007 | J28: FT FIFX BJRMS 08C_EO_V3_NA_NA
B29: GSA008 | C29: FT FIRX BJRMS 08C_BP_V3_NA_NA | I29: GSA008 | J29: FT FIRX BJRMS 08C_BP_V3_NA_NA
B30: GSA009 | C30: FT FTFX BJRMS 08C_ES_V3_NA_NA | I30: GSA009 | J30: FT FTFX BJRMS 08C_ES_V3_NA_NA
B31: GSA010 | C31: FT FTRX BJRMS 08C_BJ_V3_NA_NA | I31: GSA010 | J31: FT FTRX BJRMS 08C_BJ_V3_NA_NA
B32: GSA011 | C32: FT RXFX BJRMS 08C_PB_V3_NA_NA | I32: GSA011 | J32: FT RXFX BJRMS 08C_PB_V3_NA_NA
B33: GSA012 | C33: FT ESFX ERSM 08C_BJ_V3_NA_NA | I33: GSA012 | J33: FT ESFX ERSM 08C_BJ_V3_NA_NA
B34: GSA013 | C34: FT FTFX ERSM 08C_ES_V3_NA_NA | I34: GSA013 | J34: FT FTFX ERSM 08C_ES_V3_NA_NA
B35: GSA014 | C35: FT PB PINM 08C_NA_V3_NA_NA | I35: GSA014 | J35: FT PB PINM 08C_NA_V3_NA_NA
B40: 1- | C40: enumeration de SR
B41: 2- | C41: a partir d'une SR obtenir le temps de rotation min
B42: 3- | C42: a partir d'une SR obtenir le temps de rotation max
B43: 4- | C43: obtenir les GS pour une SR donnée
A53: proposition 3
D54: GS
E55: GSA001 | F55: GSA002 | G55: GSA003 | H55: GSA004 | I55: GSA005
C56: AEC-APL | E56: x | F56: x
C57: AEC-AREG | E57: x | F57: x | G57: x
C58: APL-AEC | F58: x
C59: ACRV-ACRS | E59: x
C60: ACT-APL-AEC | F60: x | H60: x
C61: ACPIP-ACPIP | I61: x
C62: ACPFAIBL-ACPFAIBL
C63: ACRV-ACT

Sheet INFOSERIES
A1: Fichier primaire | B1: =CHARGEMENT!B1 -> T:\Donnees\02_Courant\07_Outil_moyen_methode\03_Modele_de_base\09_Prototypes_2023\08_ModWS\08152\prototype_81-52\PC_7002071_UA08152_FINAL.pri | E1: formules FMT | F1: formules automatiques
A2: Nom du test | B2: Rotations | C2: INFO
C3: {=_xll.INFOENCHAINEMENT(B1,B2,"ACT-APL",1,"TOUT",FALSE)} -> 0 | BS3: AEC-APL
A4: Groupes de strates | B4: Noms | AH4: =A4 -> Groupes de strates | AI4: =B4 -> Noms | AJ4: =C4 -> 0 | AK4: =D4 -> 0 | AL4: =E4 -> 0 | AM4: =F4 -> 0 | AN4: =G4 -> 0 | AO4: =H4 -> 0 | ... BM4: =AF4 -> 0 | BS4: AEC-APL|AEC-AREG
A5: {=_xll.NOMATTRIBUTS(1,"?",B1,B2)} -> 0 | B5: {=_xll.DESCRIPTIONATTRIBUTS(1,"?",B1,B2)} -> 0 | C5: =_xll.VALEURCOURBE() -> 0 | AH5: =A5 -> 0 | AI5: =B5 -> 0 | AJ5: =C5 -> 0 | AK5: =D5 -> 0 | AL5: =E5 -> 0 | AM5: =F5 -> 0 | AN5: =G5 -> 0 | AO5: =H5 -> 0 | ... BM5: =AF5 -> 0 | BS5: ACRV-ACRS
C6: {=_xll.ENCHAINEMENT($B$1,$B$2,_xlfn.CONCAT("THEME1=",A6),"TOUT",FALSE)} -> 0 | AH6: =A6 -> 0 | AI6: =B6 -> 0 | AJ6: =C6 -> 0 | AK6: =D6 -> 0 | AL6: =E6 -> 0 | AM6: =F6 -> 0 | AN6: =G6 -> 0 | AO6: =H6 -> 0 | ... BM6: =AF6 -> 0 | BS6: ACT-APL-AEC|AEC-APL|APL-AEC
C7: {=_xll.ENCHAINEMENT($B$1,$B$2,_xlfn.CONCAT("THEME1=",A7),"TOUT",FALSE)} -> 0 | AH7: =A7 -> 0 | AI7: =B7 -> 0 | AJ7: =C7 -> 0 | AK7: =D7 -> 0 | AL7: =E7 -> 0 | AM7: =F7 -> 0 | AN7: =G7 -> 0 | AO7: =H7 -> 0 | ... BM7: =AF7 -> 0 | BS7: ACPIP-ACPIP
C8: {=_xll.ENCHAINEMENT($B$1,$B$2,_xlfn.CONCAT("THEME1=",A8),"TOUT",FALSE)} -> 0 | AH8: =A8 -> 0 | AI8: =B8 -> 0 | AJ8: =C8 -> 0 | AK8: =D8 -> 0 | AL8: =E8 -> 0 | AM8: =F8 -> 0 | AN8: =G8 -> 0 | AO8: =H8 -> 0 | ... BM8: =AF8 -> 0 | BS8: ACPFAIBL-ACPFAIBL
C9: {=_xll.ENCHAINEMENT($B$1,$B$2,_xlfn.CONCAT("THEME1=",A9),"TOUT",FALSE)} -> 0 | AH9: =A9 -> 0 | AI9: =B9 -> 0 | AJ9: =C9 -> 0 | AK9: =D9 -> 0 | AL9: =E9 -> 0 | AM9: =F9 -> 0 | AN9: =G9 -> 0 | AO9: =H9 -> 0 | ... BM9: =AF9 -> 0 | BS9: ACT-APL-AEC|AEC-APL|AEC-AREG|APL-AEC
C10: {=_xll.ENCHAINEMENT($B$1,$B$2,_xlfn.CONCAT("THEME1=",A10),"TOUT",FALSE)} -> 0 | AH10: =A10 -> 0 | AI10: =B10 -> 0 | AJ10: =C10 -> 0 | AK10: =D10 -> 0 | AL10: =E10 -> 0 | AM10: =F10 -> 0 | AN10: =G10 -> 0 | AO10: =H10 -> 0 | ... BM10: =AF10 -> 0 | BS10: ACRV-ACT
C12: {=_xll.ENCHAINEMENT($B$1,$B$2,_xlfn.CONCAT("THEME1=",A12),"TOUT",FALSE)} -> 0 | AH12: =A12 -> 0 | AI12: =B12 -> 0 | AJ12: =C12 -> 0 | AK12: =D12 -> 0 | AL12: =E12 -> 0 | AM12: =F12 -> 0 | AN12: =G12 -> 0 | AO12: =H12 -> 0 | ... BM12: =AF12 -> 0 | BS12: ACT-APL-AEC|APL-AEC
C13: {=_xll.ENCHAINEMENT($B$1,$B$2,_xlfn.CONCAT("THEME1=",A13),"TOUT",FALSE)} -> 0 | AH13: =A13 -> 0 | AI13: =B13 -> 0 | AJ13: =C13 -> 0 | AK13: =D13 -> 0 | AL13: =E13 -> 0 | AM13: =F13 -> 0 | AN13: =G13 -> 0 | AO13: =H13 -> 0 | ... BM13: =AF13 -> 0 | BS13: ACPFORT-ACRV|ACPIL-ACRV
C14: {=_xll.ENCHAINEMENT($B$1,$B$2,_xlfn.CONCAT("THEME1=",A14),"TOUT",FALSE)} -> 0 | AH14: =A14 -> 0 | AI14: =B14 -> 0 | AJ14: =C14 -> 0 | AK14: =D14 -> 0 | AL14: =E14 -> 0 | AM14: =F14 -> 0 | AN14: =G14 -> 0 | AO14: =H14 -> 0 | ... BM14: =AF14 -> 0 | BS14: ACPIL-ACRV|ACRV-ACPIL|ACRV-ACRS
C15: {=_xll.ENCHAINEMENT($B$1,$B$2,_xlfn.CONCAT("THEME1=",A15),"TOUT",FALSE)} -> 0 | AH15: =A15 -> 0 | AI15: =B15 -> 0 | AJ15: =C15 -> 0 | AK15: =D15 -> 0 | AL15: =E15 -> 0 | AM15: =F15 -> 0 | AN15: =G15 -> 0 | AO15: =H15 -> 0 | ... BM15: =AF15 -> 0 | BS15: ACPFORT-ACRV|ACPIL-ACRV|ACRV-ACT
C16: {=_xll.ENCHAINEMENT($B$1,$B$2,_xlfn.CONCAT("THEME1=",A16),"TOUT",FALSE)} -> 0 | AH16: =A16 -> 0 | AI16: =B16 -> 0 | AJ16: =C16 -> 0 | AK16: =D16 -> 0 | AL16: =E16 -> 0 | AM16: =F16 -> 0 | AN16: =G16 -> 0 | AO16: =H16 -> 0 | ... BM16: =AF16 -> 0 | BS16: ACPFORT-ACRV
C17: {=_xll.ENCHAINEMENT($B$1,$B$2,_xlfn.CONCAT("THEME1=",A17),"TOUT",FALSE)} -> 0 | AH17: =A17 -> 0 | AI17: =B17 -> 0 | AJ17: =C17 -> 0 | AK17: =D17 -> 0 | AL17: =E17 -> 0 | AM17: =F17 -> 0 | AN17: =G17 -> 0 | AO17: =H17 -> 0 | ... BM17: =AF17 -> 0 | BS17: ASNAT-ACT|ASNAT-ACT-AREG
C18: {=_xll.ENCHAINEMENT($B$1,$B$2,_xlfn.CONCAT("THEME1=",A18),"TOUT",FALSE)} -> 0 | AH18: =A18 -> 0 | AI18: =B18 -> 0 | AJ18: =C18 -> 0 | AK18: =D18 -> 0 | AL18: =E18 -> 0 | AM18: =F18 -> 0 | AN18: =G18 -> 0 | AO18: =H18 -> 0 | ... BM18: =AF18 -> 0 | BS18: ACPFORT-ACRV|ACRV-ACPFORT
... C82: {=_xll.ENCHAINEMENT($B$1,$B$2,_xlfn.CONCAT("THEME1=",A82),"TOUT",FALSE)} -> 0 | AH82: =A82 -> 0 | AI82: =B82 -> 0 | AJ82: =C82 -> 0 | AK82: =D82 -> 0 | AL82: =E82 -> 0 | AM82: =F82 -> 0 | AN82: =G82 -> 0 | AO82: =H82 -> 0 | ... BM82: =AF82 -> 0 | BS82: ACT-ACT|ACT-ACT-APL|ACT-ACT-AREG|ACT-AREG-ACT|ACT-AREG-ACT-APL|ACT-AREG-ACT-AREG|AREG-ACT|AREG-ACT-APL|AREG-ACT-AREG
C83: {=_xll.ENCHAINEMENT($B$1,$B$2,_xlfn.CONCAT("THEME1=",A83),"TOUT",FALSE)} -> 0 | BS83: ACPPTM-ACPPTM|ACPPTM-ACT|ACPPTM-ACT-APL|ACT-ACPPTM|ACT-ACT|ACT-ACT-APL|AEC-APL-AEC-APL|AEC-APL-APL
BS84: ACPPTM-ACPPTM|ACPPTM-ACT|ACPPTM-ACT-APL|ACPPTM-ACT-APL-AEC|ACT-ACPPTM|ACT-ACT|ACT-ACT-APL|AEC-APL-AEC-APL|AEC-APL-APL
BS85: ACPPTM-ACPPTM|ACPPTM-ACT|ACPPTM-ACT-APL|ACPPTM-ACT-APL-AEC|ACT-ACPPTM|ACT-ACT|ACT-ACT-APL
BS86: ACT-ACT|ACT-ACT-AREG|ACT-AREG-ACT|ACT-AREG-ACT-AREG|AREG-ACT|AREG-ACT-AREG|ASNAT-ACT|ASNAT-ACT-AREG|ASNAT-ASNAT
BS87: ACT-APL-AEC-APL-AEC|ACT-APL-APL-AEC|AEC-APL-AEC-APL|AEC-APL-APL|APL-AEC-APL-AEC|APL-APL-AEC
BS88: ACT-ACT|ACT-ACT-APL|AEC-ACT|AEC-ACT-APL|AEC-APL-AEC-APL|AEC-APL-APL
BS89: ACPFORT-ACRV-ACT|ACRV-ACPFORT|ACRV-ACPIL|ACRV-ACT
BS90: ACPPTM-ACPPTM|ACPPTM-ACPPTM-ACPPTM|ACPPTM-ACPPTM-ACT|ACPPTM-ACPPTM-ACT-APL|ACPPTM-ACT|ACPPTM-ACT-APL|ACPPTM-ACT-APL-AEC
BS91: ACT-ACT|ACT-ACT-APL|ACT-APL-AEC-APL-AEC|ACT-APL-APL-AEC|AEC-APL-AEC-APL|AEC-APL-APL|APL-AEC-APL-AEC|APL-APL-AEC
BS92: ACT-ACT|ASNAT-ASNAT
BS93: ACT-ACT|ACT-ACT-APL|ACT-ACT-AREG|ACT-APL-AEC-APL-AEC|ACT-APL-APL-AEC|ACT-AREG-ACT|ACT-AREG-ACT-APL|ACT-AREG-ACT-AREG|AEC-APL-AEC-APL|AEC-APL-AEC-AREG|AEC-APL-APL|AEC-APL-AREG|APL-AEC-APL-AEC|APL-APL-AEC|AREG-ACT|AREG-ACT-APL|AREG-ACT-AREG
BS94: ACT-ACT|ACT-ACT-APL|ACT-APL-APL-AEC|AEC-APL-APL|APL-APL-AEC
BS95: ACT-ACT|ACT-ACT-APL|ACT-ACT-AREG|ACT-APL-APL-AEC|ACT-AREG-ACT|ACT-AREG-ACT-APL|ACT-AREG-ACT-AREG|AEC-APL-APL|AEC-APL-AREG|APL-APL-AEC|AREG-ACT|AREG-ACT-APL|AREG-ACT-AREG
... BS321: AEC-ACT-ACT|AEC-ACT-ACT-APL|AEC-ACT-APL-AEC|AEC-ACT-APL-AEC-APL|AEC-ACT-APL-APL|AEC-APL-AEC-APL-AEC-APL|AEC-APL-AEC-APL-APL|AEC-APL-APL-AEC-APL|AEC-APL-APL-APL

Sheet rotationsMINMAX
A1: Fichier primaire | B1: =CHARGEMENT!B1 -> T:\Donnees\02_Courant\07_Outil_moyen_methode\03_Modele_de_base\09_Prototypes_2023\08_ModWS\08152\prototype_81-52\PC_7002071_UA08152_FINAL.pri | E1: formules FMT | F1: formules automatiques
A2: Nom du test | B2: Rotations | C2: MIN | D2: MAX
C3: {=_xll.ROTATIONMINIMALE(B1,B2,"THEME1=GSA023","ACT-APL-ACTPL","TOUT")} -> 2147483647 | D3: {=_xll.ROTATIONMINIMALE(B1,B2,"THEME1=GSA023","ACT-APL-ACTPL","TOUT")} -> 2147483647 | BS3: AEC-APL
A4: Groupes de strates | B4: Noms | AH4: =A4 -> Groupes de strates | AI4: =B4 -> Noms | AJ4: =C4 -> 0 | AK4: =D4 -> 0 | AL4: =E4 -> 0 | AM4: =F4 -> 0 | AN4: =G4 -> 0 | AO4: =H4 -> 0 | ... BM4: =AF4 -> 0 | BS4: AEC-APL|AEC-AREG
A5: {=_xll.NOMATTRIBUTS(1,"?",B1,B2)} -> 0 | B5: {=_xll.DESCRIPTIONATTRIBUTS(1,"?",B1,B2)} -> 0 | C5: =_xll.VALEURCOURBE() -> 0 | AH5: =A5 -> 0 | AI5: =B5 -> 0 | AJ5: =C5 -> 0 | AK5: =D5 -> 0 | AL5: =E5 -> 0 | AM5: =F5 -> 0 | AN5: =G5 -> 0 | AO5: =H5 -> 0 | ... BM5: =AF5 -> 0 | BS5: ACRV-ACRS
C6: {=_xll.ENCHAINEMENT($B$1,$B$2,_xlfn.CONCAT("THEME1=",A6),"TOUT",FALSE)} -> 0 | AH6: =A6 -> 0 | AI6: =B6 -> 0 | AJ6: =C6 -> 0 | AK6: =D6 -> 0 | AL6: =E6 -> 0 | AM6: =F6 -> 0 | AN6: =G6 -> 0 | AO6: =H6 -> 0 | ... BM6: =AF6 -> 0 | BS6: ACT-APL-AEC|AEC-APL|APL-AEC
C7: {=_xll.ENCHAINEMENT($B$1,$B$2,_xlfn.CONCAT("THEME1=",A7),"TOUT",FALSE)} -> 0 | AH7: =A7 -> 0 | AI7: =B7 -> 0 | AJ7: =C7 -> 0 | AK7: =D7 -> 0 | AL7: =E7 -> 0 | AM7: =F7 -> 0 | AN7: =G7 -> 0 | AO7: =H7 -> 0 | ... BM7: =AF7 -> 0 | BS7: ACPIP-ACPIP
C8: {=_xll.ENCHAINEMENT($B$1,$B$2,_xlfn.CONCAT("THEME1=",A8),"TOUT",FALSE)} -> 0 | AH8: =A8 -> 0 | AI8: =B8 -> 0 | AJ8: =C8 -> 0 | AK8: =D8 -> 0 | AL8: =E8 -> 0 | AM8: =F8 -> 0 | AN8: =G8 -> 0 | AO8: =H8 -> 0 | ... BM8: =AF8 -> 0 | BS8: ACPFAIBL-ACPFAIBL
C9: {=_xll.ENCHAINEMENT($B$1,$B$2,_xlfn.CONCAT("THEME1=",A9),"TOUT",FALSE)} -> 0 | AH9: =A9 -> 0 | AI9: =B9 -> 0 | AJ9: =C9 -> 0 | AK9: =D9 -> 0 | AL9: =E9 -> 0 | AM9: =F9 -> 0 | AN9: =G9 -> 0 | AO9: =H9 -> 0 | ... BM9: =AF9 -> 0 | BS9: ACT-APL-AEC|AEC-APL|AEC-AREG|APL-AEC
C10: {=_xll.ENCHAINEMENT($B$1,$B$2,_xlfn.CONCAT("THEME1=",A10),"TOUT",FALSE)} -> 0 | AH10: =A10 -> 0 | AI10: =B10 -> 0 | AJ10: =C10 -> 0 | AK10: =D10 -> 0 | AL10: =E10 -> 0 | AM10: =F10 -> 0 | AN10: =G10 -> 0 | AO10: =H10 -> 0 | ... BM10: =AF10 -> 0 | BS10: ACRV-ACT
C12: {=_xll.ENCHAINEMENT($B$1,$B$2,_xlfn.CONCAT("THEME1=",A12),"TOUT",FALSE)} -> 0 | AH12: =A12 -> 0 | AI12: =B12 -> 0 | AJ12: =C12 -> 0 | AK12: =D12 -> 0 | AL12: =E12 -> 0 | AM12: =F12 -> 0 | AN12: =G12 -> 0 | AO12: =H12 -> 0 | ... BM12: =AF12 -> 0 | BS12: ACT-APL-AEC|APL-AEC
C13: {=_xll.ENCHAINEMENT($B$1,$B$2,_xlfn.CONCAT("THEME1=",A13),"TOUT",FALSE)} -> 0 | AH13: =A13 -> 0 | AI13: =B13 -> 0 | AJ13: =C13 -> 0 | AK13: =D13 -> 0 | AL13: =E13 -> 0 | AM13: =F13 -> 0 | AN13: =G13 -> 0 | AO13: =H13 -> 0 | ... BM13: =AF13 -> 0 | BS13: ACPFORT-ACRV|ACPIL-ACRV
C14: {=_xll.ENCHAINEMENT($B$1,$B$2,_xlfn.CONCAT("THEME1=",A14),"TOUT",FALSE)} -> 0 | AH14: =A14 -> 0 | AI14: =B14 -> 0 | AJ14: =C14 -> 0 | AK14: =D14 -> 0 | AL14: =E14 -> 0 | AM14: =F14 -> 0 | AN14: =G14 -> 0 | AO14: =H14 -> 0 | ... BM14: =AF14 -> 0 | BS14: ACPIL-ACRV|ACRV-ACPIL|ACRV-ACRS
C15: {=_xll.ENCHAINEMENT($B$1,$B$2,_xlfn.CONCAT("THEME1=",A15),"TOUT",FALSE)} -> 0 | AH15: =A15 -> 0 | AI15: =B15 -> 0 | AJ15: =C15 -> 0 | AK15: =D15 -> 0 | AL15: =E15 -> 0 | AM15: =F15 -> 0 | AN15: =G15 -> 0 | AO15: =H15 -> 0 | ... BM15: =AF15 -> 0 | BS15: ACPFORT-ACRV|ACPIL-ACRV|ACRV-ACT
C16: {=_xll.ENCHAINEMENT($B$1,$B$2,_xlfn.CONCAT("THEME1=",A16),"TOUT",FALSE)} -> 0 | AH16: =A16 -> 0 | AI16: =B16 -> 0 | AJ16: =C16 -> 0 | AK16: =D16 -> 0 | AL16: =E16 -> 0 | AM16: =F16 -> 0 | AN16: =G16 -> 0 | AO16: =H16 -> 0 | ... BM16: =AF16 -> 0 | BS16: ACPFORT-ACRV
C17: {=_xll.ENCHAINEMENT($B$1,$B$2,_xlfn.CONCAT("THEME1=",A17),"TOUT",FALSE)} -> 0 | AH17: =A17 -> 0 | AI17: =B17 -> 0 | AJ17: =C17 -> 0 | AK17: =D17 -> 0 | AL17: =E17 -> 0 | AM17: =F17 -> 0 | AN17: =G17 -> 0 | AO17: =H17 -> 0 | ... BM17: =AF17 -> 0 | BS17: ASNAT-ACT|ASNAT-ACT-AREG
C18: {=_xll.ENCHAINEMENT($B$1,$B$2,_xlfn.CONCAT("THEME1=",A18),"TOUT",FALSE)} -> 0 | AH18: =A18 -> 0 | AI18: =B18 -> 0 | AJ18: =C18 -> 0 | AK18: =D18 -> 0 | AL18: =E18 -> 0 | AM18: =F18 -> 0 | AN18: =G18 -> 0 | AO18: =H18 -> 0 | ... BM18: =AF18 -> 0 | BS18: ACPFORT-ACRV|ACRV-ACPFORT
... C82: {=_xll.ENCHAINEMENT($B$1,$B$2,_xlfn.CONCAT("THEME1=",A82),"TOUT",FALSE)} -> 0 | AH82: =A82 -> 0 | AI82: =B82 -> 0 | AJ82: =C82 -> 0 | AK82: =D82 -> 0 | AL82: =E82 -> 0 | AM82: =F82 -> 0 | AN82: =G82 -> 0 | AO82: =H82 -> 0 | ... BM82: =AF82 -> 0 | BS82: ACT-ACT|ACT-ACT-APL|ACT-ACT-AREG|ACT-AREG-ACT|ACT-AREG-ACT-APL|ACT-AREG-ACT-AREG|AREG-ACT|AREG-ACT-APL|AREG-ACT-AREG
C83: {=_xll.ENCHAINEMENT($B$1,$B$2,_xlfn.CONCAT("THEME1=",A83),"TOUT",FALSE)} -> 0 | BS83: ACPPTM-ACPPTM|ACPPTM-ACT|ACPPTM-ACT-APL|ACT-ACPPTM|ACT-ACT|ACT-ACT-APL|AEC-APL-AEC-APL|AEC-APL-APL
BS84: ACPPTM-ACPPTM|ACPPTM-ACT|ACPPTM-ACT-APL|ACPPTM-ACT-APL-AEC|ACT-ACPPTM|ACT-ACT|ACT-ACT-APL|AEC-APL-AEC-APL|AEC-APL-APL
BS85: ACPPTM-ACPPTM|ACPPTM-ACT|ACPPTM-ACT-APL|ACPPTM-ACT-APL-AEC|ACT-ACPPTM|ACT-ACT|ACT-ACT-APL
BS86: ACT-ACT|ACT-ACT-AREG|ACT-AREG-ACT|ACT-AREG-ACT-AREG|AREG-ACT|AREG-ACT-AREG|ASNAT-ACT|ASNAT-ACT-AREG|ASNAT-ASNAT
BS87: ACT-APL-AEC-APL-AEC|ACT-APL-APL-AEC|AEC-APL-AEC-APL|AEC-APL-APL|APL-AEC-APL-AEC|APL-APL-AEC
BS88: ACT-ACT|ACT-ACT-APL|AEC-ACT|AEC-ACT-APL|AEC-APL-AEC-APL|AEC-APL-APL
BS89: ACPFORT-ACRV-ACT|ACRV-ACPFORT|ACRV-ACPIL|ACRV-ACT
BS90: ACPPTM-ACPPTM|ACPPTM-ACPPTM-ACPPTM|ACPPTM-ACPPTM-ACT|ACPPTM-ACPPTM-ACT-APL|ACPPTM-ACT|ACPPTM-ACT-APL|ACPPTM-ACT-APL-AEC
BS91: ACT-ACT|ACT-ACT-APL|ACT-APL-AEC-APL-AEC|ACT-APL-APL-AEC|AEC-APL-AEC-APL|AEC-APL-APL|APL-AEC-APL-AEC|APL-APL-AEC
BS92: ACT-ACT|ASNAT-ASNAT
BS93: ACT-ACT|ACT-ACT-APL|ACT-ACT-AREG|ACT-APL-AEC-APL-AEC|ACT-APL-APL-AEC|ACT-AREG-ACT|ACT-AREG-ACT-APL|ACT-AREG-ACT-AREG|AEC-APL-AEC-APL|AEC-APL-AEC-AREG|AEC-APL-APL|AEC-APL-AREG|APL-AEC-APL-AEC|APL-APL-AEC|AREG-ACT|AREG-ACT-APL|AREG-ACT-AREG
BS94: ACT-ACT|ACT-ACT-APL|ACT-APL-APL-AEC|AEC-APL-APL|APL-APL-AEC
BS95: ACT-ACT|ACT-ACT-APL|ACT-ACT-AREG|ACT-APL-APL-AEC|ACT-AREG-ACT|ACT-AREG-ACT-APL|ACT-AREG-ACT-AREG|AEC-APL-APL|AEC-APL-AREG|APL-APL-AEC|AREG-ACT|AREG-ACT-APL|AREG-ACT-AREG
... BS321: AEC-ACT-ACT|AEC-ACT-ACT-APL|AEC-ACT-APL-AEC|AEC-ACT-APL-AEC-APL|AEC-ACT-APL-APL|AEC-APL-AEC-APL-AEC-APL|AEC-APL-AEC-APL-APL|AEC-APL-APL-AEC-APL|AEC-APL-APL-APL

Sheet rotations
A1: Fichier primaire | B1: =CHARGEMENT!B1 -> T:\Donnees\02_Courant\07_Outil_moyen_methode\03_Modele_de_base\09_Prototypes_2023\08_ModWS\08152\prototype_81-52\PC_7002071_UA08152_FINAL.pri | E1: formules FMT | F1: formules automatiques
A2: Nom du test | B2: Rotations
BS3: AEC-APL
A4: Groupes de strates | B4: Noms | AH4: =A4 -> Groupes de strates | AI4: =B4 -> Noms | AJ4: =C4 -> 0 | AK4: =D4 -> 0 | AL4: =E4 -> 0 | AM4: =F4 -> 0 | AN4: =G4 -> 0 | AO4: =H4 -> 0 | ... BM4: =AF4 -> 0 | BS4: AEC-APL|AEC-AREG
A5: {=_xll.NOMATTRIBUTS(1,"?",B1,B2)} -> 0 | B5: {=_xll.DESCRIPTIONATTRIBUTS(1,"?",B1,B2)} -> 0 | C5: =_xll.VALEURCOURBE() -> 0 | AH5: =A5 -> 0 | AI5: =B5 -> 0 | AJ5: =C5 -> 0 | AK5: =D5 -> 0 | AL5: =E5 -> 0 | AM5: =F5 -> 0 | AN5: =G5 -> 0 | AO5: =H5 -> 0 | ... BM5: =AF5 -> 0 | BS5: ACRV-ACRS
C6: {=_xll.ENCHAINEMENT($B$1,$B$2,_xlfn.CONCAT("THEME1=",A6),"TOUT",FALSE)} -> 0 | AH6: =A6 -> 0 | AI6: =B6 -> 0 | AJ6: =C6 -> 0 | AK6: =D6 -> 0 | AL6: =E6 -> 0 | AM6: =F6 -> 0 | AN6: =G6 -> 0 | AO6: =H6 -> 0 | ... BM6: =AF6 -> 0 | BS6: ACT-APL-AEC|AEC-APL|APL-AEC
C7: {=_xll.ENCHAINEMENT($B$1,$B$2,_xlfn.CONCAT("THEME1=",A7),"TOUT",FALSE)} -> 0 | AH7: =A7 -> 0 | AI7: =B7 -> 0 | AJ7: =C7 -> 0 | AK7: =D7 -> 0 | AL7: =E7 -> 0 | AM7: =F7 -> 0 | AN7: =G7 -> 0 | AO7: =H7 -> 0 | ... BM7: =AF7 -> 0 | BS7: ACPIP-ACPIP
C8: {=_xll.ENCHAINEMENT($B$1,$B$2,_xlfn.CONCAT("THEME1=",A8),"TOUT",FALSE)} -> 0 | AH8: =A8 -> 0 | AI8: =B8 -> 0 | AJ8: =C8 -> 0 | AK8: =D8 -> 0 | AL8: =E8 -> 0 | AM8: =F8 -> 0 | AN8: =G8 -> 0 | AO8: =H8 -> 0 | ... BM8: =AF8 -> 0 | BS8: ACPFAIBL-ACPFAIBL
C9: {=_xll.ENCHAINEMENT($B$1,$B$2,_xlfn.CONCAT("THEME1=",A9),"TOUT",FALSE)} -> 0 | AH9: =A9 -> 0 | AI9: =B9 -> 0 | AJ9: =C9 -> 0 | AK9: =D9 -> 0 | AL9: =E9 -> 0 | AM9: =F9 -> 0 | AN9: =G9 -> 0 | AO9: =H9 -> 0 | ... BM9: =AF9 -> 0 | BS9: ACT-APL-AEC|AEC-APL|AEC-AREG|APL-AEC
C10: {=_xll.ENCHAINEMENT($B$1,$B$2,_xlfn.CONCAT("THEME1=",A10),"TOUT",FALSE)} -> 0 | AH10: =A10 -> 0 | AI10: =B10 -> 0 | AJ10: =C10 -> 0 | AK10: =D10 -> 0 | AL10: =E10 -> 0 | AM10: =F10 -> 0 | AN10: =G10 -> 0 | AO10: =H10 -> 0 | ... BM10: =AF10 -> 0 | BS10: ACRV-ACT
C11: {=_xll.ENCHAINEMENT($B$1,$B$2,_xlfn.CONCAT("THEME1=",A11),"TOUT",FALSE)} -> 0 | AH11: =A11 -> 0 | AI11: =B11 -> 0 | AJ11: =C11 -> 0 | AK11: =D11 -> 0 | AL11: =E11 -> 0 | AM11: =F11 -> 0 | AN11: =G11 -> 0 | AO11: =H11 -> 0 | ... BM11: =AF11 -> 0 | BS11: ACT-APL-AEC|APL-AEC
C12: {=_xll.ENCHAINEMENT($B$1,$B$2,_xlfn.CONCAT("THEME1=",A12),"TOUT",FALSE)} -> 0 | AH12: =A12 -> 0 | AI12: =B12 -> 0 | AJ12: =C12 -> 0 | AK12: =D12 -> 0 | AL12: =E12 -> 0 | AM12: =F12 -> 0 | AN12: =G12 -> 0 | AO12: =H12 -> 0 | ... BM12: =AF12 -> 0 | BS12: ACPFORT-ACRV|ACPIL-ACRV
C13: {=_xll.ENCHAINEMENT($B$1,$B$2,_xlfn.CONCAT("THEME1=",A13),"TOUT",FALSE)} -> 0 | AH13: =A13 -> 0 | AI13: =B13 -> 0 | AJ13: =C13 -> 0 | AK13: =D13 -> 0 | AL13: =E13 -> 0 | AM13: =F13 -> 0 | AN13: =G13 -> 0 | AO13: =H13 -> 0 | ... BM13: =AF13 -> 0 | BS13: ACPIL-ACRV|ACRV-ACPIL|ACRV-ACRS
C14: {=_xll.ENCHAINEMENT($B$1,$B$2,_xlfn.CONCAT("THEME1=",A14),"TOUT",FALSE)} -> 0 | AH14: =A14 -> 0 | AI14: =B14 -> 0 | AJ14: =C14 -> 0 | AK14: =D14 -> 0 | AL14: =E14 -> 0 | AM14: =F14 -> 0 | AN14: =G14 -> 0 | AO14: =H14 -> 0 | ... BM14: =AF14 -> 0 | BS14: ACPFORT-ACRV|ACPIL-ACRV|ACRV-ACT
C15: {=_xll.ENCHAINEMENT($B$1,$B$2,_xlfn.CONCAT("THEME1=",A15),"TOUT",FALSE)} -> 0 | AH15: =A15 -> 0 | AI15: =B15 -> 0 | AJ15: =C15 -> 0 | AK15: =D15 -> 0 | AL15: =E15 -> 0 | AM15: =F15 -> 0 | AN15: =G15 -> 0 | AO15: =H15 -> 0 | ... BM15: =AF15 -> 0 | BS15: ACPFORT-ACRV
C16: {=_xll.ENCHAINEMENT($B$1,$B$2,_xlfn.CONCAT("THEME1=",A16),"TOUT",FALSE)} -> 0 | AH16: =A16 -> 0 | AI16: =B16 -> 0 | AJ16: =C16 -> 0 | AK16: =D16 -> 0 | AL16: =E16 -> 0 | AM16: =F16 -> 0 | AN16: =G16 -> 0 | AO16: =H16 -> 0 | ... BM16: =AF16 -> 0 | BS16: ASNAT-ACT|ASNAT-ACT-AREG
C17: {=_xll.ENCHAINEMENT($B$1,$B$2,_xlfn.CONCAT("THEME1=",A17),"TOUT",FALSE)} -> 0 | AH17: =A17 -> 0 | AI17: =B17 -> 0 | AJ17: =C17 -> 0 | AK17: =D17 -> 0 | AL17: =E17 -> 0 | AM17: =F17 -> 0 | AN17: =G17 -> 0 | AO17: =H17 -> 0 | ... BM17: =AF17 -> 0 | BS17: ACPFORT-ACRV|ACRV-ACPFORT
... C81: {=_xll.ENCHAINEMENT($B$1,$B$2,_xlfn.CONCAT("THEME1=",A81),"TOUT",FALSE)} -> 0 | AH81: =A81 -> 0 | AI81: =B81 -> 0 | AJ81: =C81 -> 0 | AK81: =D81 -> 0 | AL81: =E81 -> 0 | AM81: =F81 -> 0 | AN81: =G81 -> 0 | AO81: =H81 -> 0 | ... BM81: =AF81 -> 0 | BS81: ACT-ACT|ACT-ACT-APL|ACT-ACT-AREG|ACT-AREG-ACT|ACT-AREG-ACT-APL|ACT-AREG-ACT-AREG|AREG-ACT|AREG-ACT-APL|AREG-ACT-AREG
C82: {=_xll.ENCHAINEMENT($B$1,$B$2,_xlfn.CONCAT("THEME1=",A82),"TOUT",FALSE)} -> 0 | BS82: ACPPTM-ACPPTM|ACPPTM-ACT|ACPPTM-ACT-APL|ACT-ACPPTM|ACT-ACT|ACT-ACT-APL|AEC-APL-AEC-APL|AEC-APL-APL
BS83: ACPPTM-ACPPTM|ACPPTM-ACT|ACPPTM-ACT-APL|ACPPTM-ACT-APL-AEC|ACT-ACPPTM|ACT-ACT|ACT-ACT-APL|AEC-APL-AEC-APL|AEC-APL-APL
BS84: ACPPTM-ACPPTM|ACPPTM-ACT|ACPPTM-ACT-APL|ACPPTM-ACT-APL-AEC|ACT-ACPPTM|ACT-ACT|ACT-ACT-APL
BS85: ACT-ACT|ACT-ACT-AREG|ACT-AREG-ACT|ACT-AREG-ACT-AREG|AREG-ACT|AREG-ACT-AREG|ASNAT-ACT|ASNAT-ACT-AREG|ASNAT-ASNAT
BS86: ACT-APL-AEC-APL-AEC|ACT-APL-APL-AEC|AEC-APL-AEC-APL|AEC-APL-APL|APL-AEC-APL-AEC|APL-APL-AEC
BS87: ACT-ACT|ACT-ACT-APL|AEC-ACT|AEC-ACT-APL|AEC-APL-AEC-APL|AEC-APL-APL
BS88: ACPFORT-ACRV-ACT|ACRV-ACPFORT|ACRV-ACPIL|ACRV-ACT
BS89: ACPPTM-ACPPTM|ACPPTM-ACPPTM-ACPPTM|ACPPTM-ACPPTM-ACT|ACPPTM-ACPPTM-ACT-APL|ACPPTM-ACT|ACPPTM-ACT-APL|ACPPTM-ACT-APL-AEC
BS90: ACT-ACT|ACT-ACT-APL|ACT-APL-AEC-APL-AEC|ACT-APL-APL-AEC|AEC-APL-AEC-APL|AEC-APL-APL|APL-AEC-APL-AEC|APL-APL-AEC
BS91: ACT-ACT|ASNAT-ASNAT
BS92: ACT-ACT|ACT-ACT-APL|ACT-ACT-AREG|ACT-APL-AEC-APL-AEC|ACT-APL-APL-AEC|ACT-AREG-ACT|ACT-AREG-ACT-APL|ACT-AREG-ACT-AREG|AEC-APL-AEC-APL|AEC-APL-AEC-AREG|AEC-APL-APL|AEC-APL-AREG|APL-AEC-APL-AEC|APL-APL-AEC|AREG-ACT|AREG-ACT-APL|AREG-ACT-AREG
BS93: ACT-ACT|ACT-ACT-APL|ACT-APL-APL-AEC|AEC-APL-APL|APL-APL-AEC
BS94: ACT-ACT|ACT-ACT-APL|ACT-ACT-AREG|ACT-APL-APL-AEC|ACT-AREG-ACT|ACT-AREG-ACT-APL|ACT-AREG-ACT-AREG|AEC-APL-APL|AEC-APL-AREG|APL-APL-AEC|AREG-ACT|AREG-ACT-APL|AREG-ACT-AREG
... BS320: AEC-ACT-ACT|AEC-ACT-ACT-APL|AEC-ACT-APL-AEC|AEC-ACT-APL-AEC-APL|AEC-ACT-APL-APL|AEC-APL-AEC-APL-AEC-APL|AEC-APL-AEC-APL-APL|AEC-APL-APL-AEC-APL|AEC-APL-APL-APL

Sheet avertissements
A1: Fichier primaire | B1: =CHARGEMENT!B1 -> T:\Donnees\02_Courant\07_Outil_moyen_methode\03_Modele_de_base\09_Prototypes_2023\08_ModWS\08152\prototype_81-52\PC_7002071_UA08152_FINAL.pri
A2: Nom du test | B2: Rotations
A3: Avertissements | B3: FMTmissingyield | G3: FMToveridedyield | H3: FMTsame_transitiontargets
A4: Identifiants | B4: 42 | F4: Yield manquant par FC | G4: 74 | H4: 80
B5: {=_xll.AVERTISSEMENT(B1,B2,B4)} -> 0 | C5: =MID(B5,FIND(" FC",B5,1),7) -> #VALUE! | D5: =LEFT(B5,FIND(" for developement ",B5,1)-1) -> #VALUE! | E5: {=_xlfn.UNIQUE(_xlfn.CONCAT(C5,"-",D5))} -> #VALUE! | F5: {=_xlfn.UNIQUE(E:E)} -> 0 | G5: {=_xll.AVERTISSEMENT(G1,G2,G4)} -> 0 | H5: {=_xll.AVERTISSEMENT(H1,H2,H4)} -> 0
C6: =MID(B6,FIND(" FC",B6,1),7) -> #VALUE! | D6: =LEFT(B6,FIND(" for developement ",B6,1)-1) -> #VALUE! | E6: {=_xlfn.UNIQUE(_xlfn.CONCAT(C6,"-",D6))} -> #VALUE! | F6: #VALUE!
C7: =MID(B7,FIND(" FC",B7,1),7) -> #VALUE! | D7: =LEFT(B7,FIND(" for developement ",B7,1)-1) -> #VALUE! | E7: {=_xlfn.UNIQUE(_xlfn.CONCAT(C7,"-",D7))} -> #VALUE!
C8: =MID(B8,FIND(" FC",B8,1),7) -> #VALUE! | D8: =LEFT(B8,FIND(" for developement ",B8,1)-1) -> #VALUE! | E8: {=_xlfn.UNIQUE(_xlfn.CONCAT(C8,"-",D8))} -> #VALUE!
C9: =MID(B9,FIND(" FC",B9,1),7) -> #VALUE! | D9: =LEFT(B9,FIND(" for developement ",B9,1)-1) -> #VALUE! | E9: {=_xlfn.UNIQUE(_xlfn.CONCAT(C9,"-",D9))} -> #VALUE!
C10: =MID(B10,FIND(" FC",B10,1),7) -> #VALUE! | D10: =LEFT(B10,FIND(" for developement ",B10,1)-1) -> #VALUE! | E10: {=_xlfn.UNIQUE(_xlfn.CONCAT(C10,"-",D10))} -> #VALUE!
C11: =MID(B11,FIND(" FC",B11,1),7) -> #VALUE! | D11: =LEFT(B11,FIND(" for developement ",B11,1)-1) -> #VALUE! | E11: {=_xlfn.UNIQUE(_xlfn.CONCAT(C11,"-",D11))} -> #VALUE!
C12: =MID(B12,FIND(" FC",B12,1),7) -> #VALUE! | D12: =LEFT(B12,FIND(" for developement ",B12,1)-1) -> #VALUE! | E12: {=_xlfn.UNIQUE(_xlfn.CONCAT(C12,"-",D12))} -> #VALUE!
C13: =MID(B13,FIND(" FC",B13,1),7) -> #VALUE! | D13: =LEFT(B13,FIND(" for developement ",B13,1)-1) -> #VALUE! | E13: {=_xlfn.UNIQUE(_xlfn.CONCAT(C13,"-",D13))} -> #VALUE!
C14: =MID(B14,FIND(" FC",B14,1),7) -> #VALUE! | D14: =LEFT(B14,FIND(" for developement ",B14,1)-1) -> #VALUE! | E14: {=_xlfn.UNIQUE(_xlfn.CONCAT(C14,"-",D14))} -> #VALUE!
C15: =MID(B15,FIND(" FC",B15,1),7) -> #VALUE! | D15: =LEFT(B15,FIND(" for developement ",B15,1)-1) -> #VALUE! | E15: {=_xlfn.UNIQUE(_xlfn.CONCAT(C15,"-",D15))} -> #VALUE!
C16: =MID(B16,FIND(" FC",B16,1),7) -> #VALUE! | D16: =LEFT(B16,FIND(" for developement ",B16,1)-1) -> #VALUE! | E16: {=_xlfn.UNIQUE(_xlfn.CONCAT(C16,"-",D16))} -> #VALUE!
C17: =MID(B17,FIND(" FC",B17,1),7) -> #VALUE! | D17: =LEFT(B17,FIND(" for developement ",B17,1)-1) -> #VALUE! | E17: {=_xlfn.UNIQUE(_xlfn.CONCAT(C17,"-",D17))} -> #VALUE!
C18: =MID(B18,FIND(" FC",B18,1),7) -> #VALUE! | D18: =LEFT(B18,FIND(" for developement ",B18,1)-1) -> #VALUE! | E18: {=_xlfn.UNIQUE(_xlfn.CONCAT(C18,"-",D18))} -> #VALUE!
... C6596: =MID(B6596,FIND(" FC",B6596,1),7) -> #VALUE! | D6596: =LEFT(B6596,FIND(" for developement ",B6596,1)-1) -> #VALUE! | E6596: {=_xlfn.UNIQUE(_xlfn.CONCAT(C6596,"-",D6596))} -> #VALUE!

Sheet EVOLNAT
A1: Fichier primaire | B1: =CHARGEMENT!B1 -> T:\Donnees\02_Courant\07_Outil_moyen_methode\03_Modele_de_base\09_Prototypes_2023\08_ModWS\08152\prototype_81-52\PC_7002071_UA08152_FINAL.pri | N1: ovoltotpiedinc
A2: Nom du test | B2: EVOL_NAT | K2: Total: | AS2: type | AT2: FT
K3: {=_xll.VALEUROUTPUT($K$4,,$B$1,$B$2,0)} -> 0 | L3: {=_xll.VALEUROUTPUT($N$1,,$B$1,$B$2,L$4)} -> 0 | M3: {=_xll.VALEUROUTPUT($N$1,,$B$1,$B$2,M$4)} -> 0 | N3: {=_xll.VALEUROUTPUT($N$1,,$B$1,$B$2,N$4)} -> 0 | O3: {=_xll.VALEUROUTPUT($N$1,,$B$1,$B$2,O$4)} -> 0 | P3: {=_xll.VALEUROUTPUT($N$1,,$B$1,$B$2,P$4)} -> 0 | Q3: {=_xll.VALEUROUTPUT($N$1,,$B$1,$B$2,Q$4)} -> 0 | R3: {=_xll.VALEUROUTPUT($N$1,,$B$1,$B$2,R$4)} -> 0 | S3: {=_xll.VALEUROUTPUT($N$1,,$B$1,$B$2,S$4)} -> 0 | ... AO3: {=_xll.VALEUROUTPUT($N$1,,$B$1,$B$2,AO$4)} -> 0
A4: Groupes de strates | B4: Noms | C4: type | D4: tyf | E4: station | F4: upe | G4: composition | H4: vcourbe | I4: part1 | J4: part2 | K4: OSUPINC | L4: 1 | M4: 2 | N4: 3 | O4: 4 | P4: 5 | Q4: 6 | R4: 7 | S4: 8 | T4: 9 | U4: 10 | V4: 11 | W4: 12 | X4: 13 | Y4: 14 | Z4: 15 | AA4: 16 | AB4: 17 | AC4: 18 | AD4: 19 | AE4: 20 | AF4: 21 | AG4: 22 | AH4: 23 | AI4: 24 | AJ4: 25 | AK4: 26 | AL4: 27 | AM4: 28 | AN4: 29 | AO4: 30 | AS4: Étiquettes de lignes | AT4: Somme de 1 | AU4: Somme de 5 | AV4: Somme de 10 | AW4: Somme de 15 | AX4: Somme de 20 | AY4: Somme de 25 | AZ4: Somme de 30
A5: {=_xll.NOMATTRIBUTS(1,"?",B1,B2)} -> 0 | B5: {=_xll.DESCRIPTIONATTRIBUTS(1,"?",B1,B2)} -> 0 | C5: EXCL | D5: NA | E5: NA | F5: 08C | G5: NA | H5: NA | I5: NA | J5: NA | K5: {=_xll.VALEUROUTPUT($K$4,_xlfn.CONCAT("THEME1=",A5),$B$1,$B$2,0)} -> 572617.5 | L5: {=_xll.VALEUROUTPUT($N$1,_xlfn.CONCAT("THEME1=",$A5),$B$1,$B$2,L$4)} -> 83844193 | M5: {=_xll.VALEUROUTPUT($N$1,_xlfn.CONCAT("THEME1=",$A5),$B$1,$B$2,M$4)} -> 89129160 | N5: {=_xll.VALEUROUTPUT($N$1,_xlfn.CONCAT("THEME1=",$A5),$B$1,$B$2,N$4)} -> 94037692 | O5: {=_xll.VALEUROUTPUT($N$1,_xlfn.CONCAT("THEME1=",$A5),$B$1,$B$2,O$4)} -> 98585784 | P5: {=_xll.VALEUROUTPUT($N$1,_xlfn.CONCAT("THEME1=",$A5),$B$1,$B$2,P$4)} -> 1.0282728e+08 | Q5: {=_xll.VALEUROUTPUT($N$1,_xlfn.CONCAT("THEME1=",$A5),$B$1,$B$2,Q$4)} -> 1.0657045e+08 | R5: {=_xll.VALEUROUTPUT($N$1,_xlfn.CONCAT("THEME1=",$A5),$B$1,$B$2,R$4)} -> 1.097655e+08 | S5: {=_xll.VALEUROUTPUT($N$1,_xlfn.CONCAT("THEME1=",$A5),$B$1,$B$2,S$4)} -> 1.1243273e+08 | ... AO5: {=_xll.VALEUROUTPUT($N$1,_xlfn.CONCAT("THEME1=",$A5),$B$1,$B$2,AO$4)} -> 0 | AS5: BJFX | AT5: 2659213 | AU5: 3169656.9 | AV5: 3584238.8 | AW5: 3786193.9 | AX5: 3865780.1 | AY5: 3892256.6 | AZ5: 3900353.2
C6: EXCL | D6: NA | E6: NA | F6: 08S | G6: NA | H6: NA | I6: NA | J6: NA | K6: {=_xll.VALEUROUTPUT($K$4,_xlfn.CONCAT("THEME1=",A6),$B$1,$B$2,0)} -> 0 | L6: {=_xll.VALEUROUTPUT($N$1,_xlfn.CONCAT("THEME1=",$A6),$B$1,$B$2,L$4)} -> 0 | M6: {=_xll.VALEUROUTPUT($N$1,_xlfn.CONCAT("THEME1=",$A6),$B$1,$B$2,M$4)} -> 0 | N6: {=_xll.VALEUROUTPUT($N$1,_xlfn.CONCAT("THEME1=",$A6),$B$1,$B$2,N$4)} -> 0 | O6: {=_xll.VALEUROUTPUT($N$1,_xlfn.CONCAT("THEME1=",$A6),$B$1,$B$2,O$4)} -> 0 | P6: {=_xll.VALEUROUTPUT($N$1,_xlfn.CONCAT("THEME1=",$A6),$B$1,$B$2,P$4)} -> 0 | Q6: {=_xll.VALEUROUTPUT($N$1,_xlfn.CONCAT("THEME1=",$A6),$B$1,$B$2,Q$4)} -> 0 | R6: {=_xll.VALEUROUTPUT($N$1,_xlfn.CONCAT("THEME1=",$A6),$B$1,$B$2,R$4)} -> 0 | S6: {=_xll.VALEUROUTPUT($N$1,_xlfn.CONCAT("THEME1=",$A6),$B$1,$B$2,S$4)} -> 0 | ... AO6: {=_xll.VALEUROUTPUT($N$1,_xlfn.CONCAT("THEME1=",$A6),$B$1,$B$2,AO$4)} -> 0 | AS6: BJRMS | AT6: 2659213 | AU6: 3169656.9 | AV6: 3584238.8 | AW6: 3786193.9 | AX6: 3865780.1 | AY6: 3892256.6 | AZ6: 3900353.2
C7: EPC | D7: EPRX | E7: RFIM | F7: 08C | G7: PG | H7: NA | I7: NA | J7: NA | K7: {=_xll.VALEUROUTPUT($K$4,_xlfn.CONCAT("THEME1=",A7),$B$1,$B$2,0)} -> 0 | L7: {=_xll.VALEUROUTPUT($N$1,_xlfn.CONCAT("THEME1=",$A7),$B$1,$B$2,L$4)} -> 0 | M7: {=_xll.VALEUROUTPUT($N$1,_xlfn.CONCAT("THEME1=",$A7),$B$1,$B$2,M$4)} -> 0 | N7: {=_xll.VALEUROUTPUT($N$1,_xlfn.CONCAT("THEME1=",$A7),$B$1,$B$2,N$4)} -> 0 | O7: {=_xll.VALEUROUTPUT($N$1,_xlfn.CONCAT("THEME1=",$A7),$B$1,$B$2,O$4)} -> 0 | P7: {=_xll.VALEUROUTPUT($N$1,_xlfn.CONCAT("THEME1=",$A7),$B$1,$B$2,P$4)} -> 0 | Q7: {=_xll.VALEUROUTPUT($N$1,_xlfn.CONCAT("THEME1=",$A7),$B$1,$B$2,Q$4)} -> 0 | R7: {=_xll.VALEUROUTPUT($N$1,_xlfn.CONCAT("THEME1=",$A7),$B$1,$B$2,R$4)} -> 0 | S7: {=_xll.VALEUROUTPUT($N$1,_xlfn.CONCAT("THEME1=",$A7),$B$1,$B$2,S$4)} -> 0 | ... AO7: {=_xll.VALEUROUTPUT($N$1,_xlfn.CONCAT("THEME1=",$A7),$B$1,$B$2,AO$4)} -> 0 | AS7: BJRX | AT7: 528183.98 | AU7: 588060.24 | AV7: 631092.62 | AW7: 648851.93 | AX7: 654352.86 | AY7: 655765.75 | AZ7: 656366.01
C8: EPC | D8: PGRX | E8: RFIM | F8: 08C | G8: NA | H8: NA | I8: NA | J8: NA | K8: {=_xll.VALEUROUTPUT($K$4,_xlfn.CONCAT("THEME1=",A8),$B$1,$B$2,0)} -> 0 | L8: {=_xll.VALEUROUTPUT($N$1,_xlfn.CONCAT("THEME1=",$A8),$B$1,$B$2,L$4)} -> 0 | M8: {=_xll.VALEUROUTPUT($N$1,_xlfn.CONCAT("THEME1=",$A8),$B$1,$B$2,M$4)} -> 0 | N8: {=_xll.VALEUROUTPUT($N$1,_xlfn.CONCAT("THEME1=",$A8),$B$1,$B$2,N$4)} -> 0 | O8: {=_xll.VALEUROUTPUT($N$1,_xlfn.CONCAT("THEME1=",$A8),$B$1,$B$2,O$4)} -> 0 | P8: {=_xll.VALEUROUTPUT($N$1,_xlfn.CONCAT("THEME1=",$A8),$B$1,$B$2,P$4)} -> 0 | Q8: {=_xll.VALEUROUTPUT($N$1,_xlfn.CONCAT("THEME1=",$A8),$B$1,$B$2,Q$4)} -> 0 | R8: {=_xll.VALEUROUTPUT($N$1,_xlfn.CONCAT("THEME1=",$A8),$B$1,$B$2,R$4)} -> 0 | S8: {=_xll.VALEUROUTPUT($N$1,_xlfn.CONCAT("THEME1=",$A8),$B$1,$B$2,S$4)} -> 0 | ... AO8: {=_xll.VALEUROUTPUT($N$1,_xlfn.CONCAT("THEME1=",$A8),$B$1,$B$2,AO$4)} -> 0 | AS8: BJRMS | AT8: 528183.98 | AU8: 588060.24 | AV8: 631092.62 | AW8: 648851.93 | AX8: 654352.86 | AY8: 655765.75 | AZ8: 656366.01
C9: EPC | D9: RXFX | E9: RFIM | F9: 08C | G9: SB | H9: NA | I9: NA | J9: NA | K9: {=_xll.VALEUROUTPUT($K$4,_xlfn.CONCAT("THEME1=",A9),$B$1,$B$2,0)} -> 0 | L9: {=_xll.VALEUROUTPUT($N$1,_xlfn.CONCAT("THEME1=",$A9),$B$1,$B$2,L$4)} -> 0 | M9: {=_xll.VALEUROUTPUT($N$1,_xlfn.CONCAT("THEME1=",$A9),$B$1,$B$2,M$4)} -> 0 | N9: {=_xll.VALEUROUTPUT($N$1,_xlfn.CONCAT("THEME1=",$A9),$B$1,$B$2,N$4)} -> 0 | O9: {=_xll.VALEUROUTPUT($N$1,_xlfn.CONCAT("THEME1=",$A9),$B$1,$B$2,O$4)} -> 0 | P9: {=_xll.VALEUROUTPUT($N$1,_xlfn.CONCAT("THEME1=",$A9),$B$1,$B$2,P$4)} -> 0 | Q9: {=_xll.VALEUROUTPUT($N$1,_xlfn.CONCAT("THEME1=",$A9),$B$1,$B$2,Q$4)} -> 0 | R9: {=_xll.VALEUROUTPUT($N$1,_xlfn.CONCAT("THEME1=",$A9),$B$1,$B$2,R$4)} -> 0 | S9: {=_xll.VALEUROUTPUT($N$1,_xlfn.CONCAT("THEME1=",$A9),$B$1,$B$2,S$4)} -> 0 | ... AO9: {=_xll.VALEUROUTPUT($N$1,_xlfn.CONCAT("THEME1=",$A9),$B$1,$B$2,AO$4)} -> 0 | AS9: ESFX | AT9: 2446282 | AU9: 3070549.1 | AV9: 3616434 | AW9: 3931091.2 | AX9: 4048679.9 | AY9: 4037904.7 | AZ9: 4005577.5
C10: FT | D10: BJFX | E10: BJRMS | F10: 08C | G10: NA | H10: V3 | I10: NA | J10: NA | K10: {=_xll.VALEUROUTPUT($K$4,_xlfn.CONCAT("THEME1=",A10),$B$1,$B$2,0)} -> 0 | L10: {=_xll.VALEUROUTPUT($N$1,_xlfn.CONCAT("THEME1=",$A10),$B$1,$B$2,L$4)} -> 0 | M10: {=_xll.VALEUROUTPUT($N$1,_xlfn.CONCAT("THEME1=",$A10),$B$1,$B$2,M$4)} -> 0 | N10: {=_xll.VALEUROUTPUT($N$1,_xlfn.CONCAT("THEME1=",$A10),$B$1,$B$2,N$4)} -> 0 | O10: {=_xll.VALEUROUTPUT($N$1,_xlfn.CONCAT("THEME1=",$A10),$B$1,$B$2,O$4)} -> 0 | P10: {=_xll.VALEUROUTPUT($N$1,_xlfn.CONCAT("THEME1=",$A10),$B$1,$B$2,P$4)} -> 0 | Q10: {=_xll.VALEUROUTPUT($N$1,_xlfn.CONCAT("THEME1=",$A10),$B$1,$B$2,Q$4)} -> 0 | R10: {=_xll.VALEUROUTPUT($N$1,_xlfn.CONCAT("THEME1=",$A10),$B$1,$B$2,R$4)} -> 0 | S10: {=_xll.VALEUROUTPUT($N$1,_xlfn.CONCAT("THEME1=",$A10),$B$1,$B$2,S$4)} -> 0 | ... AO10: {=_xll.VALEUROUTPUT($N$1,_xlfn.CONCAT("THEME1=",$A10),$B$1,$B$2,AO$4)} -> 0 | AS10: BJRMS | AT10: 131996.64 | AU10: 160764.9 | AV10: 185041.08 | AW10: 198592.25 | AX10: 205143.44 | AY10: 208133.75 | AZ10: 209204.63
C11: FT | D11: FIFX | E11: BJRMS | F11: 08C | G11: EO | H11: V3 | I11: NA | J11: NA | K11: {=_xll.VALEUROUTPUT($K$4,_xlfn.CONCAT("THEME1=",A11),$B$1,$B$2,0)} -> 0 | L11: {=_xll.VALEUROUTPUT($N$1,_xlfn.CONCAT("THEME1=",$A11),$B$1,$B$2,L$4)} -> 0 | M11: {=_xll.VALEUROUTPUT($N$1,_xlfn.CONCAT("THEME1=",$A11),$B$1,$B$2,M$4)} -> 0 | N11: {=_xll.VALEUROUTPUT($N$1,_xlfn.CONCAT("THEME1=",$A11),$B$1,$B$2,N$4)} -> 0 | O11: {=_xll.VALEUROUTPUT($N$1,_xlfn.CONCAT("THEME1=",$A11),$B$1,$B$2,O$4)} -> 0 | P11: {=_xll.VALEUROUTPUT($N$1,_xlfn.CONCAT("THEME1=",$A11),$B$1,$B$2,P$4)} -> 0 | Q11: {=_xll.VALEUROUTPUT($N$1,_xlfn.CONCAT("THEME1=",$A11),$B$1,$B$2,Q$4)} -> 0 | R11: {=_xll.VALEUROUTPUT($N$1,_xlfn.CONCAT("THEME1=",$A11),$B$1,$B$2,R$4)} -> 0 | S11: {=_xll.VALEUROUTPUT($N$1,_xlfn.CONCAT("THEME1=",$A11),$B$1,$B$2,S$4)} -> 0 | ... AO11: {=_xll.VALEUROUTPUT($N$1,_xlfn.CONCAT("THEME1=",$A11),$B$1,$B$2,AO$4)} -> 0 | AS11: ERSM | AT11: 2314285.3 | AU11: 2909784.2 | AV11: 3431392.9 | AW11: 3732498.9 | AX11: 3843536.4 | AY11: 3829771 | AZ11: 3796372.8
C12: FT | D12: FIRX | E12: BJRMS | F12: 08C | G12: BP | H12: V3 | I12: NA | J12: NA | K12: {=_xll.VALEUROUTPUT($K$4,_xlfn.CONCAT("THEME1=",A12),$B$1,$B$2,0)} -> 0 | L12: {=_xll.VALEUROUTPUT($N$1,_xlfn.CONCAT("THEME1=",$A12),$B$1,$B$2,L$4)} -> 0 | M12: {=_xll.VALEUROUTPUT($N$1,_xlfn.CONCAT("THEME1=",$A12),$B$1,$B$2,M$4)} -> 0 | N12: {=_xll.VALEUROUTPUT($N$1,_xlfn.CONCAT("THEME1=",$A12),$B$1,$B$2,N$4)} -> 0 | O12: {=_xll.VALEUROUTPUT($N$1,_xlfn.CONCAT("THEME1=",$A12),$B$1,$B$2,O$4)} -> 0 | P12: {=_xll.VALEUROUTPUT($N$1,_xlfn.CONCAT("THEME1=",$A12),$B$1,$B$2,P$4)} -> 0 | Q12: {=_xll.VALEUROUTPUT($N$1,_xlfn.CONCAT("THEME1=",$A12),$B$1,$B$2,Q$4)} -> 0 | R12: {=_xll.VALEUROUTPUT($N$1,_xlfn.CONCAT("THEME1=",$A12),$B$1,$B$2,R$4)} -> 0 | S12: {=_xll.VALEUROUTPUT($N$1,_xlfn.CONCAT("THEME1=",$A12),$B$1,$B$2,S$4)} -> 0 | ... AO12: {=_xll.VALEUROUTPUT($N$1,_xlfn.CONCAT("THEME1=",$A12),$B$1,$B$2,AO$4)} -> 0 | AS12: FIFX | AT12: 12407.522 | AU12: 16926.482 | AV12: 20264.546 | AW12: 21630.323 | AX12: 21925.86 | AY12: 21934.839 | AZ12: 21954.763
C13: FT | D13: FTFX | E13: BJRMS | F13: 08C | G13: ES | H13: V3 | I13: NA | J13: NA | K13: {=_xll.VALEUROUTPUT($K$4,_xlfn.CONCAT("THEME1=",A13),$B$1,$B$2,0)} -> 0 | L13: {=_xll.VALEUROUTPUT($N$1,_xlfn.CONCAT("THEME1=",$A13),$B$1,$B$2,L$4)} -> 0 | M13: {=_xll.VALEUROUTPUT($N$1,_xlfn.CONCAT("THEME1=",$A13),$B$1,$B$2,M$4)} -> 0 | N13: {=_xll.VALEUROUTPUT($N$1,_xlfn.CONCAT("THEME1=",$A13),$B$1,$B$2,N$4)} -> 0 | O13: {=_xll.VALEUROUTPUT($N$1,_xlfn.CONCAT("THEME1=",$A13),$B$1,$B$2,O$4)} -> 0 | P13: {=_xll.VALEUROUTPUT($N$1,_xlfn.CONCAT("THEME1=",$A13),$B$1,$B$2,P$4)} -> 0 | Q13: {=_xll.VALEUROUTPUT($N$1,_xlfn.CONCAT("THEME1=",$A13),$B$1,$B$2,Q$4)} -> 0 | R13: {=_xll.VALEUROUTPUT($N$1,_xlfn.CONCAT("THEME1=",$A13),$B$1,$B$2,R$4)} -> 0 | S13: {=_xll.VALEUROUTPUT($N$1,_xlfn.CONCAT("THEME1=",$A13),$B$1,$B$2,S$4)} -> 0 | ... AO13: {=_xll.VALEUROUTPUT($N$1,_xlfn.CONCAT("THEME1=",$A13),$B$1,$B$2,AO$4)} -> 0 | AS13: BJRMS | AT13: 12407.522 | AU13: 16926.482 | AV13: 20264.546 | AW13: 21630.323 | AX13: 21925.86 | AY13: 21934.839 | AZ13: 21954.763
C14: FT | D14: FTRX | E14: BJRMS | F14: 08C | G14: BJ | H14: V3 | I14: NA | J14: NA | K14: {=_xll.VALEUROUTPUT($K$4,_xlfn.CONCAT("THEME1=",A14),$B$1,$B$2,0)} -> 0 | L14: {=_xll.VALEUROUTPUT($N$1,_xlfn.CONCAT("THEME1=",$A14),$B$1,$B$2,L$4)} -> 0 | M14: {=_xll.VALEUROUTPUT($N$1,_xlfn.CONCAT("THEME1=",$A14),$B$1,$B$2,M$4)} -> 0 | N14: {=_xll.VALEUROUTPUT($N$1,_xlfn.CONCAT("THEME1=",$A14),$B$1,$B$2,N$4)} -> 0 | O14: {=_xll.VALEUROUTPUT($N$1,_xlfn.CONCAT("THEME1=",$A14),$B$1,$B$2,O$4)} -> 0 | P14: {=_xll.VALEUROUTPUT($N$1,_xlfn.CONCAT("THEME1=",$A14),$B$1,$B$2,P$4)} -> 0 | Q14: {=_xll.VALEUROUTPUT($N$1,_xlfn.CONCAT("THEME1=",$A14),$B$1,$B$2,Q$4)} -> 0 | R14: {=_xll.VALEUROUTPUT($N$1,_xlfn.CONCAT("THEME1=",$A14),$B$1,$B$2,R$4)} -> 0 | S14: {=_xll.VALEUROUTPUT($N$1,_xlfn.CONCAT("THEME1=",$A14),$B$1,$B$2,S$4)} -> 0 | ... AO14: {=_xll.VALEUROUTPUT($N$1,_xlfn.CONCAT("THEME1=",$A14),$B$1,$B$2,AO$4)} -> 0 | AS14: FIRX | AT14: 681577.58 | AU14: 812092.99 | AV14: 910381.92 | AW14: 957529.84 | AX14: 973786.17 | AY14: 975894.01 | AZ14: 974746.12
C15: FT | D15: RXFX | E15: BJRMS | F15: 08C | G15: PB | H15: V3 | I15: NA | J15: NA | K15: {=_xll.VALEUROUTPUT($K$4,_xlfn.CONCAT("THEME1=",A15),$B$1,$B$2,0)} -> 0 | L15: {=_xll.VALEUROUTPUT($N$1,_xlfn.CONCAT("THEME1=",$A15),$B$1,$B$2,L$4)} -> 0 | M15: {=_xll.VALEUROUTPUT($N$1,_xlfn.CONCAT("THEME1=",$A15),$B$1,$B$2,M$4)} -> 0 | N15: {=_xll.VALEUROUTPUT($N$1,_xlfn.CONCAT("THEME1=",$A15),$B$1,$B$2,N$4)} -> 0 | O15: {=_xll.VALEUROUTPUT($N$1,_xlfn.CONCAT("THEME1=",$A15),$B$1,$B$2,O$4)} -> 0 | P15: {=_xll.VALEUROUTPUT($N$1,_xlfn.CONCAT("THEME1=",$A15),$B$1,$B$2,P$4)} -> 0 | Q15: {=_xll.VALEUROUTPUT($N$1,_xlfn.CONCAT("THEME1=",$A15),$B$1,$B$2,Q$4)} -> 0 | R15: {=_xll.VALEUROUTPUT($N$1,_xlfn.CONCAT("THEME1=",$A15),$B$1,$B$2,R$4)} -> 0 | S15: {=_xll.VALEUROUTPUT($N$1,_xlfn.CONCAT("THEME1=",$A15),$B$1,$B$2,S$4)} -> 0 | ... AO15: {=_xll.VALEUROUTPUT($N$1,_xlfn.CONCAT("THEME1=",$A15),$B$1,$B$2,AO$4)} -> 0 | AS15: BJRMS | AT15: 681577.58 | AU15: 812092.99 | AV15: 910381.92 | AW15: 957529.84 | AX15: 973786.17 | AY15: 975894.01 | AZ15: 974746.12
C16: FT | D16: ESFX | E16: ERSM | F16: 08C | G16: BJ | H16: V3 | I16: NA | J16: NA | K16: {=_xll.VALEUROUTPUT($K$4,_xlfn.CONCAT("THEME1=",A16),$B$1,$B$2,0)} -> 0 | L16: {=_xll.VALEUROUTPUT($N$1,_xlfn.CONCAT("THEME1=",$A16),$B$1,$B$2,L$4)} -> 0 | M16: {=_xll.VALEUROUTPUT($N$1,_xlfn.CONCAT("THEME1=",$A16),$B$1,$B$2,M$4)} -> 0 | N16: {=_xll.VALEUROUTPUT($N$1,_xlfn.CONCAT("THEME1=",$A16),$B$1,$B$2,N$4)} -> 0 | O16: {=_xll.VALEUROUTPUT($N$1,_xlfn.CONCAT("THEME1=",$A16),$B$1,$B$2,O$4)} -> 0 | P16: {=_xll.VALEUROUTPUT($N$1,_xlfn.CONCAT("THEME1=",$A16),$B$1,$B$2,P$4)} -> 0 | Q16: {=_xll.VALEUROUTPUT($N$1,_xlfn.CONCAT("THEME1=",$A16),$B$1,$B$2,Q$4)} -> 0 | R16: {=_xll.VALEUROUTPUT($N$1,_xlfn.CONCAT("THEME1=",$A16),$B$1,$B$2,R$4)} -> 0 | S16: {=_xll.VALEUROUTPUT($N$1,_xlfn.CONCAT("THEME1=",$A16),$B$1,$B$2,S$4)} -> 0 | ... AO16: {=_xll.VALEUROUTPUT($N$1,_xlfn.CONCAT("THEME1=",$A16),$B$1,$B$2,AO$4)} -> 0 | AS16: FTFX | AT16: 735403.42 | AU16: 885949.8 | AV16: 1001713.7 | AW16: 1059394.6 | AX16: 1081090.2 | AY16: 1085368.5 | AZ16: 1084627.3
C17: FT | D17: FTFX | E17: ERSM | F17: 08C | G17: ES | H17: V3 | I17: NA | J17: NA | K17: {=_xll.VALEUROUTPUT($K$4,_xlfn.CONCAT("THEME1=",A17),$B$1,$B$2,0)} -> 0 | L17: {=_xll.VALEUROUTPUT($N$1,_xlfn.CONCAT("THEME1=",$A17),$B$1,$B$2,L$4)} -> 0 | M17: {=_xll.VALEUROUTPUT($N$1,_xlfn.CONCAT("THEME1=",$A17),$B$1,$B$2,M$4)} -> 0 | N17: {=_xll.VALEUROUTPUT($N$1,_xlfn.CONCAT("THEME1=",$A17),$B$1,$B$2,N$4)} -> 0 | O17: {=_xll.VALEUROUTPUT($N$1,_xlfn.CONCAT("THEME1=",$A17),$B$1,$B$2,O$4)} -> 0 | P17: {=_xll.VALEUROUTPUT($N$1,_xlfn.CONCAT("THEME1=",$A17),$B$1,$B$2,P$4)} -> 0 | Q17: {=_xll.VALEUROUTPUT($N$1,_xlfn.CONCAT("THEME1=",$A17),$B$1,$B$2,Q$4)} -> 0 | R17: {=_xll.VALEUROUTPUT($N$1,_xlfn.CONCAT("THEME1=",$A17),$B$1,$B$2,R$4)} -> 0 | S17: {=_xll.VALEUROUTPUT($N$1,_xlfn.CONCAT("THEME1=",$A17),$B$1,$B$2,S$4)} -> 0 | ... AO17: {=_xll.VALEUROUTPUT($N$1,_xlfn.CONCAT("THEME1=",$A17),$B$1,$B$2,AO$4)} -> 0 | AS17: BJRMS | AT17: 710106.7 | AU17: 855388.04 | AV17: 966798.47 | AW17: 1022245.9 | AX17: 1043339.3 | AY17: 1047728.6 | AZ17: 1047100.1
... C33: P7M | D33: RXRX | E33: BJRMS | F33: 08C | G33: EP | H33: NA | I33: NA | J33: NA | K33: {=_xll.VALEUROUTPUT($K$4,_xlfn.CONCAT("THEME1=",A33),$B$1,$B$2,0)} -> 0 | L33: {=_xll.VALEUROUTPUT($N$1,_xlfn.CONCAT("THEME1=",$A33),$B$1,$B$2,L$4)} -> 0 | M33: {=_xll.VALEUROUTPUT($N$1,_xlfn.CONCAT("THEME1=",$A33),$B$1,$B$2,M$4)} -> 0 | N33: {=_xll.VALEUROUTPUT($N$1,_xlfn.CONCAT("THEME1=",$A33),$B$1,$B$2,N$4)} -> 0 | O33: {=_xll.VALEUROUTPUT($N$1,_xlfn.CONCAT("THEME1=",$A33),$B$1,$B$2,O$4)} -> 0 | P33: {=_xll.VALEUROUTPUT($N$1,_xlfn.CONCAT("THEME1=",$A33),$B$1,$B$2,P$4)} -> 0 | Q33: {=_xll.VALEUROUTPUT($N$1,_xlfn.CONCAT("THEME1=",$A33),$B$1,$B$2,Q$4)} -> 0 | R33: {=_xll.VALEUROUTPUT($N$1,_xlfn.CONCAT("THEME1=",$A33),$B$1,$B$2,R$4)} -> 0 | S33: {=_xll.VALEUROUTPUT($N$1,_xlfn.CONCAT("THEME1=",$A33),$B$1,$B$2,S$4)} -> 0 | ... AO33: {=_xll.VALEUROUTPUT($N$1,_xlfn.CONCAT("THEME1=",$A33),$B$1,$B$2,AO$4)} -> 0 | AS33: Total général | AT33: 14015358 | AU33: 16620078 | AV33: 18725740 | AW33: 19829648 | AX33: 20248558 | AY33: 20250376 | AZ33: 20072449
C34: P7M | D34: SBRX | E34: BJRMS | F34: 08C | G34: EP | H34: NA | I34: NA | J34: NA | K34: {=_xll.VALEUROUTPUT($K$4,_xlfn.CONCAT("THEME1=",A34),$B$1,$B$2,0)} -> 0 | L34: {=_xll.VALEUROUTPUT($N$1,_xlfn.CONCAT("THEME1=",$A34),$B$1,$B$2,L$4)} -> 0 | M34: {=_xll.VALEUROUTPUT($N$1,_xlfn.CONCAT("THEME1=",$A34),$B$1,$B$2,M$4)} -> 0 | N34: {=_xll.VALEUROUTPUT($N$1,_xlfn.CONCAT("THEME1=",$A34),$B$1,$B$2,N$4)} -> 0 | O34: {=_xll.VALEUROUTPUT($N$1,_xlfn.CONCAT("THEME1=",$A34),$B$1,$B$2,O$4)} -> 0 | P34: {=_xll.VALEUROUTPUT($N$1,_xlfn.CONCAT("THEME1=",$A34),$B$1,$B$2,P$4)} -> 0 | Q34: {=_xll.VALEUROUTPUT($N$1,_xlfn.CONCAT("THEME1=",$A34),$B$1,$B$2,Q$4)} -> 0 | R34: {=_xll.VALEUROUTPUT($N$1,_xlfn.CONCAT("THEME1=",$A34),$B$1,$B$2,R$4)} -> 0 | S34: {=_xll.VALEUROUTPUT($N$1,_xlfn.CONCAT("THEME1=",$A34),$B$1,$B$2,S$4)} -> 0 | ... AO34: {=_xll.VALEUROUTPUT($N$1,_xlfn.CONCAT("THEME1=",$A34),$B$1,$B$2,AO$4)} -> 0
C35: P7M | D35: EP | E35: RESR | F35: 08C | G35: NA | H35: NA | I35: NA | J35: NA | K35: {=_xll.VALEUROUTPUT($K$4,_xlfn.CONCAT("THEME1=",A35),$B$1,$B$2,0)} -> 0 | L35: {=_xll.VALEUROUTPUT($N$1,_xlfn.CONCAT("THEME1=",$A35),$B$1,$B$2,L$4)} -> 0 | M35: {=_xll.VALEUROUTPUT($N$1,_xlfn.CONCAT("THEME1=",$A35),$B$1,$B$2,M$4)} -> 0 | N35: {=_xll.VALEUROUTPUT($N$1,_xlfn.CONCAT("THEME1=",$A35),$B$1,$B$2,N$4)} -> 0 | O35: {=_xll.VALEUROUTPUT($N$1,_xlfn.CONCAT("THEME1=",$A35),$B$1,$B$2,O$4)} -> 0 | P35: {=_xll.VALEUROUTPUT($N$1,_xlfn.CONCAT("THEME1=",$A35),$B$1,$B$2,P$4)} -> 0 | Q35: {=_xll.VALEUROUTPUT($N$1,_xlfn.CONCAT("THEME1=",$A35),$B$1,$B$2,Q$4)} -> 0 | R35: {=_xll.VALEUROUTPUT($N$1,_xlfn.CONCAT("THEME1=",$A35),$B$1,$B$2,R$4)} -> 0 | S35: {=_xll.VALEUROUTPUT($N$1,_xlfn.CONCAT("THEME1=",$A35),$B$1,$B$2,S$4)} -> 0 | ... AO35: {=_xll.VALEUROUTPUT($N$1,_xlfn.CONCAT("THEME1=",$A35),$B$1,$B$2,AO$4)} -> 0
C36: P7M | D36: PGRX | E36: RESR | F36: 08C | G36: NA | H36: NA | I36: NA | J36: NA | K36: {=_xll.VALEUROUTPUT($K$4,_xlfn.CONCAT("THEME1=",A36),$B$1,$B$2,0)} -> 0 | L36: {=_xll.VALEUROUTPUT($N$1,_xlfn.CONCAT("THEME1=",$A36),$B$1,$B$2,L$4)} -> 0 | M36: {=_xll.VALEUROUTPUT($N$1,_xlfn.CONCAT("THEME1=",$A36),$B$1,$B$2,M$4)} -> 0 | N36: {=_xll.VALEUROUTPUT($N$1,_xlfn.CONCAT("THEME1=",$A36),$B$1,$B$2,N$4)} -> 0 | O36: {=_xll.VALEUROUTPUT($N$1,_xlfn.CONCAT("THEME1=",$A36),$B$1,$B$2,O$4)} -> 0 | P36: {=_xll.VALEUROUTPUT($N$1,_xlfn.CONCAT("THEME1=",$A36),$B$1,$B$2,P$4)} -> 0 | Q36: {=_xll.VALEUROUTPUT($N$1,_xlfn.CONCAT("THEME1=",$A36),$B$1,$B$2,Q$4)} -> 0 | R36: {=_xll.VALEUROUTPUT($N$1,_xlfn.CONCAT("THEME1=",$A36),$B$1,$B$2,R$4)} -> 0 | S36: {=_xll.VALEUROUTPUT($N$1,_xlfn.CONCAT("THEME1=",$A36),$B$1,$B$2,S$4)} -> 0 | ... AO36: {=_xll.VALEUROUTPUT($N$1,_xlfn.CONCAT("THEME1=",$A36),$B$1,$B$2,AO$4)} -> 0
C37: P7M | D37: EP | E37: RESRH | F37: 08C | G37: NA | H37: NA | I37: NA | J37: NA | K37: {=_xll.VALEUROUTPUT($K$4,_xlfn.CONCAT("THEME1=",A37),$B$1,$B$2,0)} -> 0 | L37: {=_xll.VALEUROUTPUT($N$1,_xlfn.CONCAT("THEME1=",$A37),$B$1,$B$2,L$4)} -> 0 | M37: {=_xll.VALEUROUTPUT($N$1,_xlfn.CONCAT("THEME1=",$A37),$B$1,$B$2,M$4)} -> 0 | N37: {=_xll.VALEUROUTPUT($N$1,_xlfn.CONCAT("THEME1=",$A37),$B$1,$B$2,N$4)} -> 0 | O37: {=_xll.VALEUROUTPUT($N$1,_xlfn.CONCAT("THEME1=",$A37),$B$1,$B$2,O$4)} -> 0 | P37: {=_xll.VALEUROUTPUT($N$1,_xlfn.CONCAT("THEME1=",$A37),$B$1,$B$2,P$4)} -> 0 | Q37: {=_xll.VALEUROUTPUT($N$1,_xlfn.CONCAT("THEME1=",$A37),$B$1,$B$2,Q$4)} -> 0 | R37: {=_xll.VALEUROUTPUT($N$1,_xlfn.CONCAT("THEME1=",$A37),$B$1,$B$2,R$4)} -> 0 | S37: {=_xll.VALEUROUTPUT($N$1,_xlfn.CONCAT("THEME1=",$A37),$B$1,$B$2,S$4)} -> 0 | ... AO37: {=_xll.VALEUROUTPUT($N$1,_xlfn.CONCAT("THEME1=",$A37),$B$1,$B$2,AO$4)} -> 0
C38: P7M | D38: BPRX | E38: RFIF | F38: 08C | G38: NA | H38: NA | I38: NA | J38: NA | K38: {=_xll.VALEUROUTPUT($K$4,_xlfn.CONCAT("THEME1=",A38),$B$1,$B$2,0)} -> 0 | L38: {=_xll.VALEUROUTPUT($N$1,_xlfn.CONCAT("THEME1=",$A38),$B$1,$B$2,L$4)} -> 0 | M38: {=_xll.VALEUROUTPUT($N$1,_xlfn.CONCAT("THEME1=",$A38),$B$1,$B$2,M$4)} -> 0 | N38: {=_xll.VALEUROUTPUT($N$1,_xlfn.CONCAT("THEME1=",$A38),$B$1,$B$2,N$4)} -> 0 | O38: {=_xll.VALEUROUTPUT($N$1,_xlfn.CONCAT("THEME1=",$A38),$B$1,$B$2,O$4)} -> 0 | P38: {=_xll.VALEUROUTPUT($N$1,_xlfn.CONCAT("THEME1=",$A38),$B$1,$B$2,P$4)} -> 0 | Q38: {=_xll.VALEUROUTPUT($N$1,_xlfn.CONCAT("THEME1=",$A38),$B$1,$B$2,Q$4)} -> 0 | R38: {=_xll.VALEUROUTPUT($N$1,_xlfn.CONCAT("THEME1=",$A38),$B$1,$B$2,R$4)} -> 0 | S38: {=_xll.VALEUROUTPUT($N$1,_xlfn.CONCAT("THEME1=",$A38),$B$1,$B$2,S$4)} -> 0 | ... AO38: {=_xll.VALEUROUTPUT($N$1,_xlfn.CONCAT("THEME1=",$A38),$B$1,$B$2,AO$4)} -> 0
C39: P7M | D39: EPRX | E39: RFIF | F39: 08C | G39: SB | H39: NA | I39: NA | J39: NA | K39: {=_xll.VALEUROUTPUT($K$4,_xlfn.CONCAT("THEME1=",A39),$B$1,$B$2,0)} -> 0 | L39: {=_xll.VALEUROUTPUT($N$1,_xlfn.CONCAT("THEME1=",$A39),$B$1,$B$2,L$4)} -> 0 | M39: {=_xll.VALEUROUTPUT($N$1,_xlfn.CONCAT("THEME1=",$A39),$B$1,$B$2,M$4)} -> 0 | N39: {=_xll.VALEUROUTPUT($N$1,_xlfn.CONCAT("THEME1=",$A39),$B$1,$B$2,N$4)} -> 0 | O39: {=_xll.VALEUROUTPUT($N$1,_xlfn.CONCAT("THEME1=",$A39),$B$1,$B$2,O$4)} -> 0 | P39: {=_xll.VALEUROUTPUT($N$1,_xlfn.CONCAT("THEME1=",$A39),$B$1,$B$2,P$4)} -> 0 | Q39: {=_xll.VALEUROUTPUT($N$1,_xlfn.CONCAT("THEME1=",$A39),$B$1,$B$2,Q$4)} -> 0 | R39: {=_xll.VALEUROUTPUT($N$1,_xlfn.CONCAT("THEME1=",$A39),$B$1,$B$2,R$4)} -> 0 | S39: {=_xll.VALEUROUTPUT($N$1,_xlfn.CONCAT("THEME1=",$A39),$B$1,$B$2,S$4)} -> 0 | ... AO39: {=_xll.VALEUROUTPUT($N$1,_xlfn.CONCAT("THEME1=",$A39),$B$1,$B$2,AO$4)} -> 0
C40: P7M | D40: PEFX | E40: RFIF | F40: 08C | G40: NA | H40: NA | I40: NA | J40: NA | K40: {=_xll.VALEUROUTPUT($K$4,_xlfn.CONCAT("THEME1=",A40),$B$1,$B$2,0)} -> 0 | L40: {=_xll.VALEUROUTPUT($N$1,_xlfn.CONCAT("THEME1=",$A40),$B$1,$B$2,L$4)} -> 0 | M40: {=_xll.VALEUROUTPUT($N$1,_xlfn.CONCAT("THEME1=",$A40),$B$1,$B$2,M$4)} -> 0 | N40: {=_xll.VALEUROUTPUT($N$1,_xlfn.CONCAT("THEME1=",$A40),$B$1,$B$2,N$4)} -> 0 | O40: {=_xll.VALEUROUTPUT($N$1,_xlfn.CONCAT("THEME1=",$A40),$B$1,$B$2,O$4)} -> 0 | P40: {=_xll.VALEUROUTPUT($N$1,_xlfn.CONCAT("THEME1=",$A40),$B$1,$B$2,P$4)} -> 0 | Q40: {=_xll.VALEUROUTPUT($N$1,_xlfn.CONCAT("THEME1=",$A40),$B$1,$B$2,Q$4)} -> 0 | R40: {=_xll.VALEUROUTPUT($N$1,_xlfn.CONCAT("THEME1=",$A40),$B$1,$B$2,R$4)} -> 0 | S40: {=_xll.VALEUROUTPUT($N$1,_xlfn.CONCAT("THEME1=",$A40),$B$1,$B$2,S$4)} -> 0 | ... AO40: {=_xll.VALEUROUTPUT($N$1,_xlfn.CONCAT("THEME1=",$A40),$B$1,$B$2,AO$4)} -> 0
C41: P7M | D41: RXFX | E41: RFIF | F41: 08C | G41: EP | H41: NA | I41: NA | J41: NA | K41: {=_xll.VALEUROUTPUT($K$4,_xlfn.CONCAT("THEME1=",A41),$B$1,$B$2,0)} -> 0 | L41: {=_xll.VALEUROUTPUT($N$1,_xlfn.CONCAT("THEME1=",$A41),$B$1,$B$2,L$4)} -> 0 | M41: {=_xll.VALEUROUTPUT($N$1,_xlfn.CONCAT("THEME1=",$A41),$B$1,$B$2,M$4)} -> 0 | N41: {=_xll.VALEUROUTPUT($N$1,_xlfn.CONCAT("THEME1=",$A41),$B$1,$B$2,N$4)} -> 0 | O41: {=_xll.VALEUROUTPUT($N$1,_xlfn.CONCAT("THEME1=",$A41),$B$1,$B$2,O$4)} -> 0 | P41: {=_xll.VALEUROUTPUT($N$1,_xlfn.CONCAT("THEME1=",$A41),$B$1,$B$2,P$4)} -> 0 | Q41: {=_xll.VALEUROUTPUT($N$1,_xlfn.CONCAT("THEME1=",$A41),$B$1,$B$2,Q$4)} -> 0 | R41: {=_xll.VALEUROUTPUT($N$1,_xlfn.CONCAT("THEME1=",$A41),$B$1,$B$2,R$4)} -> 0 | S41: {=_xll.VALEUROUTPUT($N$1,_xlfn.CONCAT("THEME1=",$A41),$B$1,$B$2,S$4)} -> 0 | ... AO41: {=_xll.VALEUROUTPUT($N$1,_xlfn.CONCAT("THEME1=",$A41),$B$1,$B$2,AO$4)} -> 0
C42: P7M | D42: SBFX | E42: RFIF | F42: 08C | G42: NA | H42: NA | I42: NA | J42: NA | K42: {=_xll.VALEUROUTPUT($K$4,_xlfn.CONCAT("THEME1=",A42),$B$1,$B$2,0)} -> 0 | L42: {=_xll.VALEUROUTPUT($N$1,_xlfn.CONCAT("THEME1=",$A42),$B$1,$B$2,L$4)} -> 0 | M42: {=_xll.VALEUROUTPUT($N$1,_xlfn.CONCAT("THEME1=",$A42),$B$1,$B$2,M$4)} -> 0 | N42: {=_xll.VALEUROUTPUT($N$1,_xlfn.CONCAT("THEME1=",$A42),$B$1,$B$2,N$4)} -> 0 | O42: {=_xll.VALEUROUTPUT($N$1,_xlfn.CONCAT("THEME1=",$A42),$B$1,$B$2,O$4)} -> 0 | P42: {=_xll.VALEUROUTPUT($N$1,_xlfn.CONCAT("THEME1=",$A42),$B$1,$B$2,P$4)} -> 0 | Q42: {=_xll.VALEUROUTPUT($N$1,_xlfn.CONCAT("THEME1=",$A42),$B$1,$B$2,Q$4)} -> 0 | R42: {=_xll.VALEUROUTPUT($N$1,_xlfn.CONCAT("THEME1=",$A42),$B$1,$B$2,R$4)} -> 0 | S42: {=_xll.VALEUROUTPUT($N$1,_xlfn.CONCAT("THEME1=",$A42),$B$1,$B$2,S$4)} -> 0 | ... AO42: {=_xll.VALEUROUTPUT($N$1,_xlfn.CONCAT("THEME1=",$A42),$B$1,$B$2,AO$4)} -> 0
C43: P7M | D43: SBRX | E43: RFIF | F43: 08C | G43: EP | H43: NA | I43: NA | J43: NA | K43: {=_xll.VALEUROUTPUT($K$4,_xlfn.CONCAT("THEME1=",A43),$B$1,$B$2,0)} -> 0 | L43: {=_xll.VALEUROUTPUT($N$1,_xlfn.CONCAT("THEME1=",$A43),$B$1,$B$2,L$4)} -> 0 | M43: {=_xll.VALEUROUTPUT($N$1,_xlfn.CONCAT("THEME1=",$A43),$B$1,$B$2,M$4)} -> 0 | N43: {=_xll.VALEUROUTPUT($N$1,_xlfn.CONCAT("THEME1=",$A43),$B$1,$B$2,N$4)} -> 0 | O43: {=_xll.VALEUROUTPUT($N$1,_xlfn.CONCAT("THEME1=",$A43),$B$1,$B$2,O$4)} -> 0 | P43: {=_xll.VALEUROUTPUT($N$1,_xlfn.CONCAT("THEME1=",$A43),$B$1,$B$2,P$4)} -> 0 | Q43: {=_xll.VALEUROUTPUT($N$1,_xlfn.CONCAT("THEME1=",$A43),$B$1,$B$2,Q$4)} -> 0 | R43: {=_xll.VALEUROUTPUT($N$1,_xlfn.CONCAT("THEME1=",$A43),$B$1,$B$2,R$4)} -> 0 | S43: {=_xll.VALEUROUTPUT($N$1,_xlfn.CONCAT("THEME1=",$A43),$B$1,$B$2,S$4)} -> 0 | ... AO43: {=_xll.VALEUROUTPUT($N$1,_xlfn.CONCAT("THEME1=",$A43),$B$1,$B$2,AO$4)} -> 0
C44: P7M | D44: EP | E44: RFIM | F44: 08C | G44: NA | H44: NA | I44: NA | J44: NA | K44: {=_xll.VALEUROUTPUT($K$4,_xlfn.CONCAT("THEME1=",A44),$B$1,$B$2,0)} -> 0 | L44: {=_xll.VALEUROUTPUT($N$1,_xlfn.CONCAT("THEME1=",$A44),$B$1,$B$2,L$4)} -> 0 | M44: {=_xll.VALEUROUTPUT($N$1,_xlfn.CONCAT("THEME1=",$A44),$B$1,$B$2,M$4)} -> 0 | N44: {=_xll.VALEUROUTPUT($N$1,_xlfn.CONCAT("THEME1=",$A44),$B$1,$B$2,N$4)} -> 0 | O44: {=_xll.VALEUROUTPUT($N$1,_xlfn.CONCAT("THEME1=",$A44),$B$1,$B$2,O$4)} -> 0 | P44: {=_xll.VALEUROUTPUT($N$1,_xlfn.CONCAT("THEME1=",$A44),$B$1,$B$2,P$4)} -> 0 | Q44: {=_xll.VALEUROUTPUT($N$1,_xlfn.CONCAT("THEME1=",$A44),$B$1,$B$2,Q$4)} -> 0 | R44: {=_xll.VALEUROUTPUT($N$1,_xlfn.CONCAT("THEME1=",$A44),$B$1,$B$2,R$4)} -> 0 | S44: {=_xll.VALEUROUTPUT($N$1,_xlfn.CONCAT("THEME1=",$A44),$B$1,$B$2,S$4)} -> 0 | ... AO44: {=_xll.VALEUROUTPUT($N$1,_xlfn.CONCAT("THEME1=",$A44),$B$1,$B$2,AO$4)} -> 0
C45: P7M | D45: EPRX | E45: RFIM | F45: 08C | G45: SB | H45: NA | I45: NA | J45: NA | K45: {=_xll.VALEUROUTPUT($K$4,_xlfn.CONCAT("THEME1=",A45),$B$1,$B$2,0)} -> 0 | L45: {=_xll.VALEUROUTPUT($N$1,_xlfn.CONCAT("THEME1=",$A45),$B$1,$B$2,L$4)} -> 0 | M45: {=_xll.VALEUROUTPUT($N$1,_xlfn.CONCAT("THEME1=",$A45),$B$1,$B$2,M$4)} -> 0 | N45: {=_xll.VALEUROUTPUT($N$1,_xlfn.CONCAT("THEME1=",$A45),$B$1,$B$2,N$4)} -> 0 | O45: {=_xll.VALEUROUTPUT($N$1,_xlfn.CONCAT("THEME1=",$A45),$B$1,$B$2,O$4)} -> 0 | P45: {=_xll.VALEUROUTPUT($N$1,_xlfn.CONCAT("THEME1=",$A45),$B$1,$B$2,P$4)} -> 0 | Q45: {=_xll.VALEUROUTPUT($N$1,_xlfn.CONCAT("THEME1=",$A45),$B$1,$B$2,Q$4)} -> 0 | R45: {=_xll.VALEUROUTPUT($N$1,_xlfn.CONCAT("THEME1=",$A45),$B$1,$B$2,R$4)} -> 0 | S45: {=_xll.VALEUROUTPUT($N$1,_xlfn.CONCAT("THEME1=",$A45),$B$1,$B$2,S$4)} -> 0 | ... AO45: {=_xll.VALEUROUTPUT($N$1,_xlfn.CONCAT("THEME1=",$A45),$B$1,$B$2,AO$4)} -> 0
... C81: PL | D81: EP | E81: BJRMS | F81: 08S | G81: EN | H81: IQS10 | I81: NA | J81: NA | K81: {=_xll.VALEUROUTPUT($K$4,_xlfn.CONCAT("THEME1=",A81),$B$1,$B$2,0)} -> 0 | L81: {=_xll.VALEUROUTPUT($N$1,_xlfn.CONCAT("THEME1=",$A81),$B$1,$B$2,L$4)} -> 0 | M81: {=_xll.VALEUROUTPUT($N$1,_xlfn.CONCAT("THEME1=",$A81),$B$1,$B$2,M$4)} -> 0 | N81: {=_xll.VALEUROUTPUT($N$1,_xlfn.CONCAT("THEME1=",$A81),$B$1,$B$2,N$4)} -> 0 | O81: {=_xll.VALEUROUTPUT($N$1,_xlfn.CONCAT("THEME1=",$A81),$B$1,$B$2,O$4)} -> 0 | P81: {=_xll.VALEUROUTPUT($N$1,_xlfn.CONCAT("THEME1=",$A81),$B$1,$B$2,P$4)} -> 0 | Q81: {=_xll.VALEUROUTPUT($N$1,_xlfn.CONCAT("THEME1=",$A81),$B$1,$B$2,Q$4)} -> 0 | R81: {=_xll.VALEUROUTPUT($N$1,_xlfn.CONCAT("THEME1=",$A81),$B$1,$B$2,R$4)} -> 0 | S81: {=_xll.VALEUROUTPUT($N$1,_xlfn.CONCAT("THEME1=",$A81),$B$1,$B$2,S$4)} -> 0 | ... AO81: {=_xll.VALEUROUTPUT($N$1,_xlfn.CONCAT("THEME1=",$A81),$B$1,$B$2,AO$4)} -> 0
C82: NON ADMISSIBLE | K82: {=_xll.VALEUROUTPUT($K$4,_xlfn.CONCAT("THEME1=",A82),$B$1,$B$2,0)} -> 0 | L82: {=_xll.VALEUROUTPUT($N$1,_xlfn.CONCAT("THEME1=",$A82),$B$1,$B$2,L$4)} -> 0 | M82: {=_xll.VALEUROUTPUT($N$1,_xlfn.CONCAT("THEME1=",$A82),$B$1,$B$2,M$4)} -> 0 | N82: {=_xll.VALEUROUTPUT($N$1,_xlfn.CONCAT("THEME1=",$A82),$B$1,$B$2,N$4)} -> 0 | O82: {=_xll.VALEUROUTPUT($N$1,_xlfn.CONCAT("THEME1=",$A82),$B$1,$B$2,O$4)} -> 0 | P82: {=_xll.VALEUROUTPUT($N$1,_xlfn.CONCAT("THEME1=",$A82),$B$1,$B$2,P$4)} -> 0 | Q82: {=_xll.VALEUROUTPUT($N$1,_xlfn.CONCAT("THEME1=",$A82),$B$1,$B$2,Q$4)} -> 0 | R82: {=_xll.VALEUROUTPUT($N$1,_xlfn.CONCAT("THEME1=",$A82),$B$1,$B$2,R$4)} -> 0 | S82: {=_xll.VALEUROUTPUT($N$1,_xlfn.CONCAT("THEME1=",$A82),$B$1,$B$2,S$4)} -> 0 | ... AO82: {=_xll.VALEUROUTPUT($N$1,_xlfn.CONCAT("THEME1=",$A82),$B$1,$B$2,AO$4)} -> 0

Sheet EVOLNAT (ha)
A1: Fichier primaire | B1: =CHARGEMENT!B1 -> T:\Donnees\02_Courant\07_Outil_moyen_methode\03_Modele_de_base\09_Prototypes_2023\08_ModWS\08152\prototype_81-52\PC_7002071_UA08152_FINAL.pri | N1: ovoltotpiedinc
A2: Nom du test | B2: EVOL_NAT | K2: Total:
K3: {=_xll.VALEUROUTPUT($K$4,,$B$1,$B$2,0)} -> 0 | L3: {=_xll.VALEUROUTPUT($N$1,,$B$1,$B$2,L$4)} -> 0 | M3: {=_xll.VALEUROUTPUT($N$1,,$B$1,$B$2,M$4)} -> 0 | N3: {=_xll.VALEUROUTPUT($N$1,,$B$1,$B$2,N$4)} -> 0 | O3: {=_xll.VALEUROUTPUT($N$1,,$B$1,$B$2,O$4)} -> 0 | P3: {=_xll.VALEUROUTPUT($N$1,,$B$1,$B$2,P$4)} -> 0 | Q3: {=_xll.VALEUROUTPUT($N$1,,$B$1,$B$2,Q$4)} -> 0 | R3: {=_xll.VALEUROUTPUT($N$1,,$B$1,$B$2,R$4)} -> 0 | S3: {=_xll.VALEUROUTPUT($N$1,,$B$1,$B$2,S$4)} -> 0 | ... AO3: {=_xll.VALEUROUTPUT($N$1,,$B$1,$B$2,AO$4)} -> 0 | AR3: station | AS3: RESR
A4: Groupes de strates | B4: Noms | C4: type | D4: tyf | E4: station | F4: upe | G4: composition | H4: vcourbe | I4: part1 | J4: part2 | K4: OSUPINC | L4: 1 | M4: 2 | N4: 3 | O4: 4 | P4: 5 | Q4: 6 | R4: 7 | S4: 8 | T4: 9 | U4: 10 | V4: 11 | W4: 12 | X4: 13 | Y4: 14 | Z4: 15 | AA4: 16 | AB4: 17 | AC4: 18 | AD4: 19 | AE4: 20 | AF4: 21 | AG4: 22 | AH4: 23 | AI4: 24 | AJ4: 25 | AK4: 26 | AL4: 27 | AM4: 28 | AN4: 29 | AO4: 30
A5: {=_xll.NOMATTRIBUTS(1,"?",B1,B2)} -> 0 | B5: {=_xll.DESCRIPTIONATTRIBUTS(1,"?",B1,B2)} -> 0 | C5: EXCL | D5: NA | E5: NA | F5: 08C | G5: NA | H5: NA | I5: NA | J5: NA | K5: 0 | L5: 0 | M5: 0 | N5: 0 | O5: 0 | P5: 0 | Q5: 0 | R5: 0 | S5: 0 | T5: 0 | U5: 0 | V5: 0 | W5: 0 | X5: 0 | Y5: 0 | Z5: 0 | AA5: 0 | AB5: 0 | AC5: 0 | AD5: 0 | AE5: 0 | AF5: 0 | AG5: 0 | AH5: 0 | AI5: 0 | AJ5: 0 | AK5: 0 | AL5: 0 | AM5: 0 | AN5: 0 | AO5: 0 | AR5: Étiquettes de lignes | AS5: Moyenne de 1 | AT5: Moyenne de 5 | AU5: Moyenne de 10 | AV5: Moyenne de 15 | AW5: Moyenne de 20 | AX5: Moyenne de 25 | AY5: Moyenne de 30
C6: EXCL | D6: NA | E6: NA | F6: 08S | G6: NA | H6: NA | I6: NA | J6: NA | K6: 0 | L6: 0 | M6: 0 | N6: 0 | O6: 0 | P6: 0 | Q6: 0 | R6: 0 | S6: 0 | T6: 0 | U6: 0 | V6: 0 | W6: 0 | X6: 0 | Y6: 0 | Z6: 0 | AA6: 0 | AB6: 0 | AC6: 0 | AD6: 0 | AE6: 0 | AF6: 0 | AG6: 0 | AH6: 0 | AI6: 0 | AJ6: 0 | AK6: 0 | AL6: 0 | AM6: 0 | AN6: 0 | AO6: 0 | AR6: EP | AS6: 131.75557 | AT6: 165.26138 | AU6: 185.4406 | AV6: 187.30203 | AW6: 178.70839 | AX6: 164.92554 | AY6: 147.86568
C7: EPC | D7: EPRX | E7: RFIM | F7: 08C | G7: PG | H7: NA | I7: NA | J7: NA | K7: 2309.7 | L7: 12.199419 | M7: 19.801305 | N7: 31.981889 | O7: 48.868008 | P7: 69.623592 | Q7: 88.967257 | R7: 106.82607 | S7: 122.99864 | T7: 137.50253 | U7: 150.35965 | V7: 161.62485 | W7: 171.34635 | X7: 179.60101 | Y7: 186.46118 | Z7: 192.02469 | AA7: 196.38347 | AB7: 199.63463 | AC7: 201.87252 | AD7: 203.20056 | AE7: 203.70676 | AF7: 203.48719 | AG7: 202.63071 | AH7: 201.22607 | AI7: 199.35934 | AJ7: 197.09862 | AK7: 194.50703 | AL7: 191.65505 | AM7: 188.59418 | AN7: 185.36931 | AO7: 182.01544 | AR7: P7M | AS7: 131.75557 | AT7: 165.26138 | AU7: 185.4406 | AV7: 187.30203 | AW7: 178.70839 | AX7: 164.92554 | AY7: 147.86568
C8: EPC | D8: PGRX | E8: RFIM | F8: 08C | G8: NA | H8: NA | I8: NA | J8: NA | K8: 1486.9 | L8: 45.607555 | M8: 73.362892 | N8: 99.662848 | O8: 123.42436 | P8: 144.65747 | Q8: 163.37735 | R8: 179.63313 | S8: 193.52847 | T8: 205.1814 | U8: 214.71769 | V8: 222.29409 | W8: 228.09219 | X8: 232.25998 | Y8: 234.95706 | Z8: 236.37427 | AA8: 236.67741 | AB8: 236.00979 | AC8: 234.53047 | AD8: 232.39544 | AE8: 229.71317 | AF8: 226.59987 | AG8: 223.17105 | AH8: 219.51272 | AI8: 215.69044 | AJ8: 211.77248 | AK8: 207.79905 | AL8: 203.80193 | AM8: 199.81265 | AN8: 195.83624 | AO8: 191.8714 | AR8: PGRX | AS8: 148.52053 | AT8: 185.41529 | AU8: 205.75562 | AV8: 205.23421 | AW8: 194.25493 | AX8: 178.91259 | AY8: 162.57202
C9: EPC | D9: RXFX | E9: RFIM | F9: 08C | G9: SB | H9: NA | I9: NA | J9: NA | K9: 885.2 | L9: 41.266758 | M9: 65.841393 | N9: 91.404871 | O9: 113.77744 | P9: 131.03159 | Q9: 144.09021 | R9: 153.7492 | S9: 160.68963 | T9: 165.48046 | U9: 168.59292 | V9: 170.42732 | W9: 171.30013 | X9: 171.46357 | Y9: 171.10516 | Z9: 170.3771 | AA9: 169.40279 | AB9: 168.26404 | AC9: 167.00803 | AD9: 165.66599 | AE9: 164.25379 | AF9: 162.77874 | AG9: 161.24487 | AH9: 159.65031 | AI9: 157.99154 | AJ9: 156.26542 | AK9: 154.47411 | AL9: 152.62837 | AM9: 150.72906 | AN9: 148.79083 | AO9: 146.83098 | AR9: P7M | AS9: 148.52053 | AT9: 185.41529 | AU9: 205.75562 | AV9: 205.23421 | AW9: 194.25493 | AX9: 178.91259 | AY9: 162.57202
C10: FT | D10: BJFX | E10: BJRMS | F10: 08C | G10: NA | H10: V3 | I10: NA | J10: NA | K10: 4764.6 | L10: 164.05186 | M10: 173.28495 | N10: 181.99219 | O10: 190.04617 | P10: 197.41446 | Q10: 204.08779 | R10: 210.04791 | S10: 215.31991 | T10: 219.94771 | U10: 223.89058 | V10: 227.24433 | W10: 230.07966 | X10: 232.50114 | Y10: 234.52954 | Z10: 236.20479 | AA10: 237.59065 | AB10: 238.73984 | AC10: 239.70355 | AD10: 240.46201 | AE10: 241.06961 | AF10: 241.57361 | AG10: 241.99785 | AH10: 242.34253 | AI10: 242.61843 | AJ10: 242.83937 | AK10: 243.0311 | AL10: 243.17908 | AM10: 243.29508 | AN10: 243.3192 | AO10: 243.33939 | AR10: Total général | AS10: 140.13805 | AT10: 175.33833 | AU10: 195.59811 | AV10: 196.26812 | AW10: 186.48166 | AX10: 171.91907 | AY10: 155.21885
C11: FT | D11: FIFX | E11: BJRMS | F11: 08C | G11: EO | H11: V3 | I11: NA | J11: NA | K11: 95.6 | L11: 129.78579 | M11: 143.31713 | N11: 155.69138 | O11: 166.9377 | P11: 177.05525 | Q11: 186.05465 | R11: 194.00362 | S11: 200.91611 | T11: 206.89794 | U11: 211.97224 | V11: 216.22359 | W11: 219.71428 | X11: 222.44325 | Y11: 224.61553 | Z11: 226.25861 | AA11: 227.45415 | AB11: 228.27446 | AC11: 228.83348 | AD11: 229.15811 | AE11: 229.35 | AF11: 229.41313 | AG11: 229.42749 | AH11: 229.41643 | AI11: 229.41163 | AJ11: 229.44392 | AK11: 229.46331 | AL11: 229.53833 | AM11: 229.60564 | AN11: 229.64899 | AO11: 229.65233
C12: FT | D12: FIRX | E12: BJRMS | F12: 08C | G12: BP | H12: V3 | I12: NA | J12: NA | K12: 98.6 | L12: 115.45 | M12: 130.31 | N12: 143.99 | O12: 156.51 | P12: 167.86 | Q12: 178.03 | R12: 187.09 | S12: 195.07 | T12: 202.03 | U12: 208 | V12: 213.06 | W12: 217.27 | X12: 220.59 | Y12: 223.28 | Z12: 225.34 | AA12: 226.87 | AB12: 227.94 | AC12: 228.68 | AD12: 229.11 | AE12: 229.35 | AF12: 229.42 | AG12: 229.4 | AH12: 229.35 | AI12: 229.32 | AJ12: 229.35 | AK12: 229.39 | AL12: 229.52 | AM12: 229.64 | AN12: 229.72 | AO12: 229.76
C13: FT | D13: FTFX | E13: BJRMS | F13: 08C | G13: ES | H13: V3 | I13: NA | J13: NA | K13: 195.5 | L13: 175.24532 | M13: 184.39354 | N13: 192.88266 | O13: 200.68944 | P13: 207.78051 | Q13: 214.09245 | R13: 219.73737 | S13: 224.78239 | T13: 229.2337 | U13: 233.12757 | V13: 236.52016 | W13: 239.45969 | X13: 241.98678 | Y13: 244.15115 | Z13: 246.01401 | AA13: 247.61426 | AB13: 248.99011 | AC13: 250.15868 | AD13: 251.15366 | AE13: 252.02566 | AF13: 252.78825 | AG13: 253.42027 | AH13: 253.94261 | AI13: 254.33006 | AJ13: 254.61333 | AK13: 254.8506 | AL13: 255.05462 | AM13: 255.22277 | AN13: 255.30915 | AO13: 255.38137
C14: FT | D14: FTRX | E14: BJRMS | F14: 08C | G14: BJ | H14: V3 | I14: NA | J14: NA | K14: 4442.5 | L14: 175.183 | M14: 182.9816 | N14: 190.10789 | O14: 196.5095 | P14: 202.15427 | Q14: 207.11853 | R14: 211.42392 | S14: 215.11768 | T14: 218.28237 | U14: 220.94449 | V14: 223.1787 | W14: 225.00165 | X14: 226.49421 | Y14: 227.71314 | Z14: 228.69895 | AA14: 229.49755 | AB14: 230.14341 | AC14: 230.66202 | AD14: 231.08569 | AE14: 231.41577 | AF14: 231.65072 | AG14: 231.83119 | AH14: 231.96804 | AI14: 232.0886 | AJ14: 232.18655 | AK14: 232.27558 | AL14: 232.3435 | AM14: 232.40488 | AN14: 232.40411 | AO14: 232.40809
C15: FT | D15: RXFX | E15: BJRMS | F15: 08C | G15: PB | H15: V3 | I15: NA | J15: NA | K15: 198.5 | L15: 199.09135 | M15: 210.18912 | N15: 219.66469 | O15: 227.62586 | P15: 234.19601 | Q15: 239.4795 | R15: 243.5733 | S15: 246.59553 | T15: 248.64571 | U15: 249.83268 | V15: 250.25972 | W15: 249.99116 | X15: 249.14813 | Y15: 247.77395 | Z15: 245.9728 | AA15: 243.80308 | AB15: 241.29682 | AC15: 238.50794 | AD15: 235.49443 | AE15: 232.28168 | AF15: 228.91566 | AG15: 225.42081 | AH15: 221.80831 | AI15: 218.09859 | AJ15: 214.28818 | AK15: 210.4113 | AL15: 206.47222 | AM15: 202.48465 | AN15: 198.47476 | AO15: 194.43502
C16: FT | D16: ESFX | E16: ERSM | F16: 08C | G16: BJ | H16: V3 | I16: NA | J16: NA | K16: 2366 | L16: 151.40778 | M16: 163.42008 | N16: 174.88813 | O16: 185.77935 | P16: 195.65113 | Q16: 204.84445 | R16: 213.34945 | S16: 221.16273 | T16: 228.24794 | U16: 234.65837 | V16: 240.4036 | W16: 245.4798 | X16: 249.92782 | Y16: 253.78786 | Z16: 257.11209 | AA16: 259.86836 | AB16: 262.12186 | AC16: 263.92886 | AD16: 265.2595 | AE16: 266.20197 | AF16: 266.766 | AG16: 266.98614 | AH16: 266.89036 | AI16: 266.53429 | AJ16: 266.18291 | AK16: 265.82491 | AL16: 265.32986 | AM16: 264.75482 | AN16: 264.48122 | AO16: 264.5528
C17: FT | D17: FTFX | E17: ERSM | F17: 08C | G17: ES | H17: V3 | I17: NA | J17: NA | K17: 141.8 | L17: 178.39717 | M17: 188.70869 | N17: 198.36908 | O17: 207.40269 | P17: 215.52719 | Q17: 222.99276 | R17: 229.77536 | S17: 235.89688 | T17: 241.40114 | U17: 246.22838 | V17: 250.46186 | W17: 254.14511 | X17: 257.24216 | Y17: 259.85492 | Z17: 261.97959 | AA17: 263.62241 | AB17: 264.82309 | AC17: 265.62162 | AD17: 266.0848 | AE17: 266.22583 | AF17: 266.06906 | AG17: 265.68151 | AH17: 265.49086 | AI17: 265.53711 | AJ17: 265.44419 | AK17: 265.25942 | AL17: 265.02685 | AM17: 264.73512 | AN17: 264.60006 | AO17: 264.64869
C18: FT | D18: PB | E18: PINM | F18: 08C | G18: NA | H18: V3 | I18: NA | J18: NA | K18: 309.3 | L18: 201.36008 | M18: 220.90187 | N18: 239.12525 | O18: 255.68699 | P18: 270.38588 | Q18: 283.12771 | R18: 293.87704 | S18: 302.65798 | T18: 309.58055 | U18: 314.78235 | V18: 318.40298 | W18: 320.60748 | X18: 321.58521 | Y18: 321.50213 | Z18: 320.55474 | AA18: 318.88342 | AB18: 316.61078 | AC18: 313.87597 | AD18: 310.78247 | AE18: 307.3956 | AF18: 303.76285 | AG18: 299.90792 | AH18: 295.86191 | AI18: 291.60409 | AJ18: 287.11321 | AK18: 282.39666 | AL18: 277.44799 | AM18: 272.26272 | AN18: 266.86666 | AO18: 261.32474
C19: FT | D19: RXFX | E19: THOM | F19: 08C | G19: TO | H19: V3 | I19: NA | J19: NA | K19: 3012.5 | L19: 185.01505 | M19: 191.09736 | N19: 196.65165 | O19: 201.44651 | P19: 205.88008 | Q19: 209.95375 | R19: 213.69184 | S19: 217.11306 | T19: 220.23785 | U19: 223.0839 | V19: 225.67237 | W19: 228.01907 | X19: 230.16246 | Y19: 232.10661 | Z19: 233.87836 | AA19: 235.51076 | AB19: 237.01138 | AC19: 238.39439 | AD19: 239.63718 | AE19: 240.75487 | AF19: 241.72942 | AG19: 242.53472 | AH19: 243.19916 | AI19: 243.72559 | AJ19: 244.13543 | AK19: 244.43658 | AL19: 244.66089 | AM19: 244.84507 | AN19: 244.99042 | AO19: 245.11066
C20: FT | D20: TORX | E20: THOM | F20: 08C | G20: SB | H20: V3 | I20: NA | J20: NA | K20: 3434.8 | L20: 197.43702 | M20: 203.76126 | N20: 209.43326 | O20: 214.75701 | P20: 219.72936 | Q20: 224.37149 | R20: 228.68958 | S20: 232.70727 | T20: 236.43227 | U20: 239.8865 | V20: 243.08049 | W20: 246.01187 | X20: 248.68355 | Y20: 251.07213 | Z20: 253.18172 | AA20: 255.04524 | AB20: 256.68391 | AC20: 258.14407 | AD20: 259.37953 | AE20: 260.35626 | AF20: 261.09901 | AG20: 261.64437 | AH20: 262.07085 | AI20: 262.35969 | AJ20: 262.59431 | AK20: 262.77714 | AL20: 262.9193 | AM20: 263.02298 | AN20: 263.11099 | AO20: 263.19196
C21: M7M | D21: FIRX | E21: BJRMS | F21: 08C | G21: PE | H21: NA | I21: NA | J21: NA | K21: 4831.9 | L21: 11.783486 | M21: 25.965138 | N21: 40.377165 | O21: 57.356368 | P21: 79.577052 | Q21: 104.92259 | R21: 126.34493 | S21: 143.95257 | T21: 158.22112 | U21: 169.56278 | V21: 178.37755 | W21: 185.02233 | X21: 189.80452 | Y21: 193.01357 | Z21: 194.90655 | AA21: 195.69815 | AB21: 195.59631 | AC21: 194.77641 | AD21: 193.39329 | AE21: 191.58326 | AF21: 189.45723 | AG21: 187.08193 | AH21: 184.54113 | AI21: 181.92091 | AJ21: 179.25541 | AK21: 176.57704 | AL21: 173.91744 | AM21: 171.28529 | AN21: 168.70849 | AO21: 166.18253
C22: M7M | D22: EPRX | E22: RESRH | F22: 08C | G22: SB | H22: NA | I22: NA | J22: NA | K22: 2645.4 | L22: 5.0158955 | M22: 9.2123841 | N22: 15.818571 | O22: 22.637 | P22: 31.776284 | Q22: 44.741584 | R22: 58.725096 | S22: 76.718677 | T22: 93.908469 | U22: 110.02314 | V22: 124.8867 | W22: 138.38866 | X22: 150.44163 | Y22: 161.02131 | Z22: 170.12881 | AA22: 177.8092 | AB22: 184.11813 | AC22: 189.15001 | AD22: 192.98496 | AE22: 195.74444 | AF22: 197.5106 | AG22: 198.42582 | AH22: 198.57302 | AI22: 198.06962 | AJ22: 197.01606 | AK22: 195.49366 | AL22: 193.59568 | AM22: 191.37649 | AN22: 188.89854 | AO22: 186.19926
... C81: PL | D81: EP | E81: BJRMS | F81: 08S | G81: EN | H81: IQS10 | I81: NA | J81: NA | K81: 5974.5 | L81: 30.378869 | M81: 38.641088 | N81: 58.58528 | O81: 87.705437 | P81: 118.57329 | Q81: 148.27663 | R81: 175.64572 | S81: 200.36693 | T81: 222.46666 | U81: 242.15512 | V81: 259.67453 | W81: 274.91116 | X81: 288.19241 | Y81: 299.6628 | Z81: 309.79608 | AA81: 318.80275 | AB81: 326.73286 | AC81: 333.50807 | AD81: 339.42 | AE81: 339.42 | AF81: 339.42 | AG81: 339.42 | AH81: 339.42 | AI81: 339.42 | AJ81: 339.42 | AK81: 339.42 | AL81: 339.42 | AM81: 339.42 | AN81: 339.42 | AO81: 339.42
C82: NON ADMISSIBLE | K82: 0 | L82: #DIV/0! | M82: #DIV/0! | N82: #DIV/0! | O82: #DIV/0! | P82: #DIV/0! | Q82: #DIV/0! | R82: #DIV/0! | S82: #DIV/0! | T82: #DIV/0! | U82: #DIV/0! | V82: #DIV/0! | W82: #DIV/0! | X82: #DIV/0! | Y82: #DIV/0! | Z82: #DIV/0! | AA82: #DIV/0! | AB82: #DIV/0! | AC82: #DIV/0! | AD82: #DIV/0! | AE82: #DIV/0! | AF82: #DIV/0! | AG82: #DIV/0! | AH82: #DIV/0! | AI82: #DIV/0! | AJ82: #DIV/0! | AK82: #DIV/0! | AL82: #DIV/0! | AM82: #DIV/0! | AN82: #DIV/0! | AO82: #DIV/0!
